{"dg_pgm":-2.7685121919706455,"cs":0.0018131831192586356,"dg_acontb":-20.739926393153386,"etoh":-10.67566596905472,"v_fba":8.562256505795512,"v_fort":12.843384758690616,"dg_etoht":-3.783574810352741,"icdh":0.004946791866969396,"v_gapd":17.124513011591024,"dg_pgk":-4.282259584958223,"dg_lact":0.7741873217958696,"v_nh4t":8.562256505811199,"v_cs":4.281128252905598,"accoa":-3.4174699543598317,"pgk":0.002040974225183364,"dhap":-6.78255999437134,"eno":0.0035097586652795094,"nad":-10.670780304504436,"alcd":0.005631825850284013,"fdp":-5.328942292021608,"icit":-14.820199684754774,"dg_eno":-5.232891666291055,"dg_pdh":-31.59954921626397,"cit":-2.302585469410655,"glu":-20.723265384890762,"v_pgm":17.124513011591024,"v_ldh":-1.448349842243073e-12,"v_pfl":12.843384758690616,"dg_alcd":-6.067298635782734,"dg_pyk":-5.2040051040095525,"acetald":-15.049645477547077,"v_ppc":4.281128252905598,"dg_gludy":-17.96526080065366,"v_aconta":4.281128252905598,"tpi":0.00048029657512712237,"v_alcd":8.562256505794364,"dg_pts":-4.776234321888872,"adp":-13.647186123571014,"dg_tpi":-2.9948772106169534,"dg_gapd":-4.807407943125176,"dg_icdh":-22.007067495779836,"act":-1.8454052508228673e-15,"dg_nh4t":-20.527254040661028,"fort":0.0020227375658554373,"v_ackr":-1.3087355898492456e-11,"glns":2.0302775689848725e-14,"v_glns":4.281128252905599,"etoht":0.0015306995524013314,"dg_pfk":-2.826920730540319,"g6p":-10.161695205739546,"v_pgi":8.562256505795512,"fba":0.0008735847033144053,"lac":-2.4709887390530514,"dg_acald":-3.1460475634325817,"dg_pgi":-4.700873764476045,"ptar":-5.508266729193014e-16,"dg_cs":-27.213394424873037,"dg_ldh":-1.9816225440412913,"pep":-15.809841635631662,"ppc":0.002561000475375164,"v_acontb":4.281128252905599,"dg_glns":-3.067931376974188,"pyr":-9.400739699408216,"v_etoht":8.562256505794364,"v_gludy":4.281128252905599,"nh4":-12.885733949442224,"gapd":0.0027554379439290724,"dg_fort":-4.266625078149314,"v_pyk":12.843384758685426,"v_lact":-1.4496136659093267e-12,"pts":0.0013534624507757357,"dg_fba":-4.012099604433293,"v_burn":17.12451301156225,"pyk":0.0017263157308991456,"v_eno":17.124513011591024,"v_pts":8.562256505795512,"lact":1.7157635803350675e-15,"dpg13":-18.616776174441714,"akg":-19.84395414894311,"actp":-14.142354375503889,"v_act":-1.3087306117534545e-11,"v_tpi":8.562256505795512,"dg_ackr":-13.338988305524481,"oaa":-13.18477725311795,"ackr":-4.879266907127254e-16,"nh4t":0.0013868987384256961,"gln":-19.141605340429685,"v_pdh":-3.743211589427033e-12,"nadh":-12.280218216938536,"mu":4.281128252905599,"v_pgk":17.124513011591024,"acontb":0.0025600351550811424,"atp":-11.34460103057697,"ac":-15.290825541853629,"aconta":0.002141838388662791,"dg_pfl":-6.843178773552084,"dg_aconta":-20.430840873612283,"g3p":-10.451375634014214,"ldh":-1.775023596233771e-15,"v_icdh":4.281128252905599,"pfl":0.008734055920749245,"pfk":0.00043362527222243067,"formate":-5.875636376371513,"acon":-5.687397327115235,"pgi":0.0012965421225608206,"gludy":0.0003123020207776962,"pg2":-15.433519068969,"pg3":-15.466390732611616,"dg_act":-49.4230927644542,"v_acald":8.562256505794364,"v_pfk":8.562256505795512,"dg_ppc":-26.48451377266083,"v_ptar":-1.3087356351961889e-11,"acald":0.0010519734320969326,"pdh":-5.09124516846784e-16,"dg_ptar":-10.852543194214359,"pgm":0.0008366603247364744,"f6p":-12.421052070809445}