{"dg_pgm":-2.7685123766690802,"cs":0.0018131831087297653,"dg_acontb":-21.20316356445574,"etoh":-10.675666052721358,"v_fba":8.562254790187312,"v_fort":12.843382185612217,"dg_etoht":-3.78357460294581,"icdh":0.004946788268312199,"v_gapd":17.124509580374625,"dg_pgk":-4.2822598213144945,"dg_lact":-2.838318744243451,"v_nh4t":8.562254786663072,"v_cs":4.28112739333157,"accoa":-3.4174702127775567,"pgk":0.0020409737673193437,"dhap":-6.782560285138249,"eno":0.0035097579093166602,"nad":-10.835745516560952,"alcd":0.005631824773184395,"fdp":-5.328942859438978,"icit":-15.19141624232216,"dg_eno":-5.232891921011564,"dg_pdh":-31.59954874495358,"cit":-2.30258515816047,"glu":-20.723263346507004,"v_pgm":17.124509580374625,"v_ldh":1.6392154696323847e-10,"v_pfl":12.843382185612217,"dg_alcd":-6.0672983894574095,"dg_pyk":-5.20400437761391,"acetald":-15.049645660579785,"v_ppc":4.28112739333157,"dg_gludy":-17.47205314945707,"v_aconta":4.28112739333157,"tpi":0.0004802964587713396,"v_alcd":8.562254790738807,"dg_pts":-4.776234569021714,"adp":-12.562029033208876,"dg_tpi":-2.9948774050438915,"dg_gapd":-4.807408190436446,"dg_icdh":-22.045857938543932,"act":3.9606917171620876e-13,"dg_nh4t":-20.06143216376244,"fort":0.0020227372060295868,"v_ackr":2.80876009162162e-9,"glns":1.7565841048121136e-13,"v_glns":4.281127393331536,"etoht":0.0015306992887189187,"dg_pfk":-2.8269209179582533,"g6p":-10.161695598454743,"v_pgi":8.562254790187312,"fba":0.0008735845045376667,"lac":-4.149220977006497,"dg_acald":-3.1460473765555266,"dg_pgi":-4.700874010139239,"ptar":1.1837915208965842e-13,"dg_cs":-26.54323584478593,"dg_ldh":-6.141905740267205,"pep":-15.80984237719638,"ppc":0.002560999447192286,"v_acontb":4.2811273933315706,"dg_glns":-3.339425211369284,"pyr":-9.400740147949556,"v_etoht":8.562254790738807,"v_gludy":4.281127393331536,"nh4":-12.697824366093668,"gapd":0.0027554373406416,"dg_fort":-4.266624858701918,"v_pyk":12.843382187043051,"v_lact":1.6392159632262185e-10,"pts":0.0013534621540017078,"dg_fba":-4.012099833854455,"v_burn":17.124509586707564,"pyk":0.0017263154603948182,"v_eno":17.124509580374625,"v_pts":8.562254790187312,"lact":6.224906590998758e-14,"dpg13":-18.616776643403007,"akg":-20.23081852448383,"actp":-14.027256314239976,"v_act":2.8087600379892624e-9,"v_tpi":8.562254790187312,"dg_ackr":-15.15841566913343,"oaa":-13.455114652067337,"ackr":1.047174079274828e-13,"nh4t":0.001386905557356629,"gln":-19.063212605278107,"v_pdh":1.2669122974825263e-9,"nadh":-12.445183428995051,"mu":4.281127393331536,"v_pgk":17.124509580374625,"acontb":0.0025600304492453757,"atp":-10.25944394021483,"ac":-15.909672910772155,"aconta":0.0021418332893267866,"dg_pfl":-6.843178521689097,"dg_aconta":-20.887838506131832,"g3p":-10.451376003211713,"ldh":1.0870545765690886e-13,"v_icdh":4.2811273933315706,"pfl":0.008734054223065252,"pfk":0.000433625165944699,"formate":-5.875636464895197,"acon":-5.871746955137487,"pgi":0.0012965418373559231,"gludy":0.0003123165103022873,"pg2":-15.433519707781084,"pg3":-15.466391296917527,"dg_act":-47.8889898317227,"v_acald":8.562254790738807,"v_pfk":8.562254790187312,"dg_ppc":-27.154669742853304,"v_ptar":2.8087601426322652e-9,"acald":0.0010519732600587717,"pdh":1.7236064081330986e-13,"dg_ptar":-10.567218122727603,"pgm":0.0008366601188700162,"f6p":-12.421052562623611}