{"dg_pgm":-2.768512103167068,"cs":0.0018131825136881452,"dg_acontb":-21.083714370538374,"etoh":-10.675665928529716,"v_fba":8.56225401126237,"v_fort":12.843381016909314,"dg_etoht":-3.7835749108129377,"icdh":0.004946789854635571,"v_gapd":17.12450802252474,"dg_pgk":-4.282259471055821,"dg_lact":0.3592072210344219,"v_nh4t":8.56225401118067,"v_cs":4.281127005590332,"accoa":-3.417469829234163,"pgk":0.0020409736540856105,"dhap":-6.782559853184451,"eno":0.003509757667942752,"nad":-10.808335437377226,"alcd":0.005631824184771642,"fdp":-5.328942016593664,"icit":-15.140830354009633,"dg_eno":-5.232891544263396,"dg_pdh":-31.599549444945175,"cit":-2.3026137961332322,"glu":-20.7232646352153,"v_pgm":17.12450802252474,"v_ldh":-1.6349113438587865e-11,"v_pfl":12.843381016909314,"dg_alcd":-6.067298755148967,"dg_pyk":-5.2040054536498435,"acetald":-15.049645388870488,"v_ppc":4.281127005590332,"dg_gludy":-17.462199137867504,"v_aconta":4.281127005590332,"tpi":0.00048029644493703964,"v_alcd":8.562254011291266,"dg_pts":-4.7762342004299745,"adp":-12.657077594370495,"dg_tpi":-2.9948771163972916,"dg_gapd":-4.807407823572273,"dg_icdh":-22.219656617884542,"act":9.752895066284601e-15,"dg_nh4t":-20.022891497909114,"fort":0.002022736954481802,"v_ackr":6.916244712262774e-11,"glns":4.381056499658127e-14,"v_glns":4.281127005590335,"etoht":0.001530699085619713,"dg_pfk":-2.826920639177511,"g6p":-10.161695015701127,"v_pgi":8.56225401126237,"fba":0.0008735844602685116,"lac":-2.954175971076782,"dg_acald":-3.1460476537886746,"dg_pgi":-4.700873644160935,"ptar":2.9021508648413816e-15,"dg_cs":-27.393827078331142,"dg_ldh":-3.179428853658179,"pep":-15.809841277214783,"ppc":0.0025609998952164864,"v_acontb":4.281127005590316,"dg_glns":-2.3989047188593013,"pyr":-9.40073948203401,"v_etoht":8.562254011291266,"v_gludy":4.281127005590335,"nh4":-12.682277306538001,"gapd":0.002755437165845979,"dg_fort":-4.266625184584063,"v_pyk":12.843381016934408,"v_lact":-1.6339985300077025e-11,"pts":0.0013534620689890564,"dg_fba":-4.012099492995135,"v_burn":17.124508022675606,"pyk":0.0017263151915523768,"v_eno":17.12450802252474,"v_pts":8.56225401126237,"lact":4.095894670573416e-14,"dpg13":-18.616775947020326,"akg":-20.250341918369173,"actp":-15.423483451454713,"v_act":6.916275926487094e-11,"v_tpi":8.56225401126237,"dg_ackr":-11.572180550564868,"oaa":-13.112020194663847,"ackr":2.5852317456322547e-15,"nh4t":0.001386907097431105,"gln":-18.668266847777026,"v_pdh":4.144562612644724e-11,"nadh":-12.417773349811323,"mu":4.281127005590335,"v_pgk":17.12450802252474,"acontb":0.0025600320030414354,"atp":-10.35449250137645,"ac":-15.859235603184743,"aconta":0.002141832456271943,"dg_pfl":-6.8431788957985225,"dg_aconta":-20.881815900195274,"g3p":-10.451375454819713,"ldh":-1.4235920403638994e-14,"v_icdh":4.281127005590316,"pfl":0.008734053350826774,"pfk":0.000433625155328559,"formate":-5.875636333436411,"acon":-5.869346112168418,"pgi":0.001296541757251367,"gludy":0.0003123159314749069,"pg2":-15.433518759777305,"pg3":-15.46639045924272,"dg_act":-48.01402231206457,"v_acald":8.562254011291266,"v_pfk":8.56225401126237,"dg_ppc":-26.30415222875052,"v_ptar":6.91624481024008e-11,"acald":0.0010519731069237952,"pdh":5.638831038529291e-15,"dg_ptar":-14.028421711746153,"pgm":0.0008366600993307297,"f6p":-12.421051832236676}