{"dg_pgm":-2.7685125052434008,"cs":0.0018131835225452624,"dg_acontb":-21.140161466614902,"etoh":-10.67566611133877,"v_fba":8.562257115157113,"v_fort":12.843385672696387,"dg_etoht":-3.783574457635106,"icdh":0.004946786927724714,"v_gapd":17.124514230314226,"dg_pgk":-4.28225998598183,"dg_lact":-0.7576606570577876,"v_nh4t":8.562257112074374,"v_cs":4.281128556037541,"accoa":-3.4174703938473625,"pgk":0.0020409742874360768,"dhap":-6.782560488081554,"eno":0.0035097588254764988,"nad":-10.707894401232013,"alcd":0.0056318263377389665,"fdp":-5.32894325508515,"icit":-15.223718908659484,"dg_eno":-5.232892099135434,"dg_pdh":-31.599548417855104,"cit":-2.3026134472213142,"glu":-20.723237444829557,"v_pgm":17.124514230314226,"v_ldh":7.768442130666355e-10,"v_pfl":12.843385672696387,"dg_alcd":-6.067298217133856,"dg_pyk":-5.204003873535904,"acetald":-15.049645788711423,"v_ppc":4.281128556037541,"dg_gludy":-17.33975427098961,"v_aconta":4.28112855603754,"tpi":0.0004802965752953663,"v_alcd":8.562257115170418,"dg_pts":-4.776234742551161,"adp":-12.665848062190378,"dg_tpi":-2.994877539300628,"dg_gapd":-4.807408361766965,"dg_icdh":-22.37223222946494,"act":3.232141785368274e-13,"dg_nh4t":-20.239184596965632,"fort":0.0020227377868063776,"v_ackr":2.2918824371474576e-9,"glns":1.0883671791844172e-12,"v_glns":4.281128556037187,"etoht":0.0015306997343348125,"dg_pfk":-2.826921048828853,"g6p":-10.16169587179728,"v_pgi":8.562257115157113,"fba":0.0008735847252270288,"lac":-2.685960127126489,"dg_acald":-3.1460472453234885,"dg_pgi":-4.700874182455462,"ptar":7.640353391283916e-14,"dg_cs":-26.511370402900475,"dg_ldh":-2.5145278857264377,"pep":-15.809842893557498,"ppc":0.0025610000641484664,"v_acontb":4.281128556037939,"dg_glns":-3.367812666218062,"pyr":-9.40074046096881,"v_etoht":8.562257115170418,"v_gludy":4.281128556037187,"nh4":-12.587207010666958,"gapd":0.0027554380533827993,"dg_fort":-4.266624706079097,"v_pyk":12.843385674276687,"v_lact":7.768448655997746e-10,"pts":0.001353462503558628,"dg_fba":-4.012099993496915,"v_burn":17.12451423568849,"pyk":0.0017263159812674934,"v_eno":17.124514230314226,"v_pts":8.562257115157113,"lact":9.024535697752204e-13,"dpg13":-18.616776969618268,"akg":-20.394778504623098,"actp":-14.023045029835979,"v_act":2.2918823965624563e-9,"v_tpi":8.562257115157113,"dg_ackr":-15.420038448144764,"oaa":-13.467997257777668,"ackr":8.557431580567432e-14,"nh4t":0.0013869032491667657,"gln":-18.964020666966615,"v_pdh":8.034532812265714e-10,"nadh":-12.317332313666112,"mu":4.281128556037187,"v_pgk":17.124514230314226,"acontb":0.002560028460295057,"atp":-10.363262969196331,"ac":-16.01099859196931,"aconta":0.002141831186741424,"dg_pfl":-6.843178347213428,"dg_aconta":-21.030847758109005,"g3p":-10.451376260313333,"ldh":7.962729561568429e-13,"v_icdh":4.281128556037939,"pfl":0.008734056630546104,"pfk":0.0004336252701462952,"formate":-5.875636526462273,"acon":-5.929464267163369,"pgi":0.0012965421715825818,"gludy":0.0003123139098675651,"pg2":-15.433520152288166,"pg3":-15.466391689558547,"dg_act":-47.63780669272475,"v_acald":8.562257115170418,"v_pfk":8.562257115157113,"dg_ppc":-27.186604032377517,"v_ptar":2.29188243073203e-9,"acald":0.00105197357279976,"pdh":1.0931759292126015e-13,"dg_ptar":-10.55677803384793,"pgm":0.0008366603194412624,"f6p":-12.421052905477415}