{"dg_pgm":-2.7685125845476524,"cs":0.0018131838830265565,"dg_acontb":-21.49256674289722,"etoh":-10.675666146863687,"v_fba":8.5622594468039,"v_fort":12.843389170340284,"dg_etoht":-3.783574369569969,"icdh":0.00494678630132718,"v_gapd":17.1245188936078,"dg_pgk":-4.282260087328487,"dg_lact":0.32540609416254107,"v_nh4t":8.562259446547037,"v_cs":4.281129723273518,"accoa":-3.41747050355374,"pgk":0.0020409748222584715,"dhap":-6.782560612624566,"eno":0.003509759758777426,"nad":-10.895029468103246,"alcd":0.0056318278931959615,"fdp":-5.328943498514826,"icit":-15.423934550989323,"dg_eno":-5.2328922077156035,"dg_pdh":-31.599548214886735,"cit":-2.302594477681669,"glu":-20.723255732982956,"v_pgm":17.1245188936078,"v_ldh":-1.9132688595985405e-10,"v_pfl":12.843389170340284,"dg_alcd":-6.067298112297318,"dg_pyk":-5.204003558970913,"acetald":-15.049645866526733,"v_ppc":4.281129723273518,"dg_gludy":-17.88700118992676,"v_aconta":4.281129723273518,"tpi":0.000480296697342326,"v_alcd":8.562259446992226,"dg_pts":-4.7762348471917395,"adp":-12.650921993359985,"dg_tpi":-2.9948776238360186,"dg_gapd":-4.807408468754298,"dg_icdh":-22.659317921147718,"act":3.6644920148177455e-14,"dg_nh4t":-20.52135498813771,"fort":0.0020227383571531977,"v_ackr":2.598632969693238e-10,"glns":3.4786890184664793e-13,"v_glns":4.281129723273518,"etoht":0.0015307001694305235,"dg_pfk":-2.8269211288941296,"g6p":-10.161696040902138,"v_pgi":8.5622594468039,"fba":0.0008735849529220114,"lac":-3.122862368205211,"dg_acald":-3.1460471662665546,"dg_pgi":-4.7008742866390465,"ptar":1.0906468937052952e-14,"dg_cs":-26.76109809871301,"dg_ldh":-3.597594162019792,"pep":-15.809843212033536,"ppc":0.0025610007872866546,"v_acontb":4.281129723273518,"dg_glns":-9.042002352393187,"pyr":-9.400740652551333,"v_etoht":8.562259446992226,"v_gludy":4.281129723273518,"nh4":-12.050445186226618,"gapd":0.0027554387815977395,"dg_fort":-4.26662461188734,"v_pyk":12.84338917033428,"v_lact":-1.9132718767372564e-10,"pts":0.0013534628613027977,"dg_fba":-4.012100092054213,"v_burn":17.124518894124527,"pyk":0.0017263164837538925,"v_eno":17.1245188936078,"v_pts":8.5622594468039,"lact":5.281561570243665e-13,"dpg13":-18.616777171420328,"akg":-20.710802689627265,"actp":-15.457955826958026,"v_act":2.598632934882704e-10,"v_tpi":8.5622594468039,"dg_ackr":-11.528404426558716,"oaa":-13.367239723567852,"ackr":9.716138207489587e-15,"nh4t":0.0013868998621302266,"gln":-20.716209172405108,"v_pdh":1.8532392895658046e-10,"nadh":-12.504467380537346,"mu":4.281129723273518,"v_pgk":17.1245188936078,"acontb":0.002560027183450276,"atp":-10.348336900365938,"ac":-15.876048968601674,"aconta":0.0021418297797935314,"dg_pfl":-6.843178238436826,"dg_aconta":-21.174817712184623,"g3p":-10.451376418957384,"ldh":-1.5514150738398409e-13,"v_icdh":4.281129723273518,"pfl":0.008734059031606773,"pfk":0.00043362537994623944,"formate":-5.875636564458628,"acon":-5.987521861706929,"pgi":0.0012965425138737642,"gludy":0.0003123101921497248,"pg2":-15.433520426963653,"pg3":-15.466391932243203,"dg_act":-47.97234251428135,"v_acald":8.562259446992226,"v_pfk":8.5622594468039,"dg_ppc":-26.936828522187948,"v_ptar":2.5986329911219303e-10,"acald":0.0010519738756556772,"pdh":2.5214943540403313e-14,"dg_ptar":-14.113875961918751,"pgm":0.0008366605308691536,"f6p":-12.42105311660927}