{"dg_pgm":-2.7684935161561444,"cs":0.001813184288758232,"dg_acontb":-21.27375052870417,"etoh":-10.675657514996809,"v_fba":8.562265345355728,"v_fort":12.843398017988259,"dg_etoht":-3.7835957676932517,"icdh":0.004946786926184459,"v_gapd":17.124530690711456,"dg_pgk":-4.282235688513127,"dg_lact":-0.9498022922042321,"v_nh4t":8.562265345417579,"v_cs":4.281132672708788,"accoa":-3.4174438428702705,"pgk":0.0020409812778345374,"dhap":-6.782530599171065,"eno":0.0035097676159985304,"nad":-10.582428967063498,"alcd":0.005631826512436189,"fdp":-5.3288849217641,"icit":-15.574888480251158,"dg_eno":-5.232865925460504,"dg_pdh":-31.59959687822863,"cit":-2.4610277310637674,"glu":-20.658183531493766,"v_pgm":17.124530690711456,"v_ldh":6.092020391103708e-11,"v_pfl":12.843398017988257,"dg_alcd":-6.0673235301268695,"dg_pyk":-5.204078595971916,"acetald":-15.04962698126903,"v_ppc":4.281132672708788,"dg_gludy":-19.1712259674324,"v_aconta":4.281132672708788,"tpi":0.000480299107358115,"v_alcd":8.562265345302015,"dg_pts":-4.776209356959166,"adp":-12.766032450071638,"dg_tpi":-2.994857531525257,"dg_gapd":-4.807382921594316,"dg_icdh":-22.31599780056515,"act":-9.737282077959136e-15,"dg_nh4t":-21.2508567884444,"fort":0.0020227350625025174,"v_ackr":-6.905344201471719e-11,"glns":4.331502682387585e-14,"v_glns":4.2811326727087895,"etoht":0.001530696795417015,"dg_pfk":-2.8269017863102333,"g6p":-10.16165548885529,"v_pgi":8.562265345355728,"fba":0.0008735880058715337,"lac":-2.608451413184873,"dg_acald":-3.14606644129958,"dg_pgi":-4.70084894655566,"ptar":-2.9067489888224803e-15,"dg_cs":-30.77075951475796,"dg_ldh":-2.3225005299807755,"pep":-15.809766651418252,"ppc":0.002561010823766176,"v_acontb":4.281132672708786,"dg_glns":-5.663155017583578,"pyr":-9.40069436138515,"v_etoht":8.562265345302015,"v_gludy":4.2811326727087895,"nh4":-11.454864099340238,"gapd":0.002755445967031988,"dg_fort":-4.266647264469506,"v_pyk":12.843398018002668,"v_lact":6.091457846860784e-11,"pts":0.0013534664314199668,"dg_fba":-4.012076404852193,"v_burn":17.124530690580556,"pyk":0.001726309908466664,"v_eno":17.124530690711456,"v_pts":8.562265345355728,"lact":5.875312410927453e-14,"dpg13":-18.61672874729452,"akg":-20.723263465146793,"actp":-14.13122002673679,"v_act":-6.905388771286199e-11,"v_tpi":8.562265345355728,"dg_ackr":-15.748116222265244,"oaa":-11.908201055978255,"ackr":-2.571940008114463e-15,"nh4t":0.0013868882757301889,"gln":-18.692550352581108,"v_pdh":-4.650902666178804e-11,"nadh":-12.191866879497594,"mu":4.2811326727087895,"v_pgk":17.124530690711456,"acontb":0.0025600250359692086,"atp":-10.463447357077591,"ac":-16.25151807696363,"aconta":0.002141824511510847,"dg_pfl":-6.843204249196567,"dg_aconta":-21.375092919913026,"g3p":-10.451338300393473,"ldh":6.594327220921347e-14,"v_icdh":4.281132672708786,"pfl":0.00873405966530457,"pfk":0.0004336276802286465,"formate":-5.875627426551013,"acon":-6.226744860495262,"pgi":0.001296546029254372,"gludy":0.00031229451392351736,"pg2":-15.433454468442969,"pg3":-15.466333665790412,"dg_act":-47.041566543956435,"v_acald":8.562265345302015,"v_pfk":8.562265345355728,"dg_ppc":-23.32010789046767,"v_ptar":-6.905344426606666e-11,"acald":0.0010519706112407806,"pdh":-6.327133602289787e-15,"dg_ptar":-10.825006227522989,"pgm":0.0008366650536253046,"f6p":-12.421002342533903}