{"dg_pgm":-2.7685133268712825,"cs":0.0018131842309909154,"dg_acontb":-21.501589457104576,"etoh":-10.675666482818615,"v_fba":8.562263217366985,"v_fort":12.843394826025792,"dg_etoht":-3.783573536748396,"icdh":0.004946788313890089,"v_gapd":17.12452643473397,"dg_pgk":-4.282261037093399,"dg_lact":-0.5471460799614454,"v_nh4t":8.562263217206224,"v_cs":4.281131608603067,"accoa":-3.4174715411905807,"pgk":0.0020409755244600197,"dhap":-6.782561780473096,"eno":0.003509761092669114,"nad":-10.708332676540445,"alcd":0.005631830577927378,"fdp":-5.328945777907096,"icit":-15.431925430122428,"dg_eno":-5.232893230599008,"dg_pdh":-31.599546320000286,"cit":-2.3025873374728802,"glu":-20.722860095797802,"v_pgm":17.12452643473397,"v_ldh":2.633243866139891e-11,"v_pfl":12.843394826025792,"dg_alcd":-6.06729712293799,"dg_pyk":-5.204000638811593,"acetald":-15.049646601582923,"v_ppc":4.281131608603067,"dg_gludy":-18.727855556943485,"v_aconta":4.281131608603067,"tpi":0.00048029682787293265,"v_alcd":8.562263217393202,"dg_pts":-4.776235838864893,"adp":-12.664277449979155,"dg_tpi":-2.9948784063515888,"dg_gapd":-4.80740946352192,"dg_icdh":-22.670357861759776,"act":1.526678223223912e-14,"dg_nh4t":-21.312475564378808,"fort":0.0020227394304030088,"v_ackr":1.082632064776708e-10,"glns":8.398934717052153e-14,"v_glns":4.281131608603112,"etoht":0.0015307010158298181,"dg_pfk":-2.8269218816899016,"g6p":-10.16169761891049,"v_pgi":8.562263217366985,"fba":0.000873585242205468,"lac":-2.770880369031709,"dg_acald":-3.1460464161787463,"dg_pgi":-4.7008752725516745,"ptar":4.5647382968674274e-15,"dg_cs":-27.688444802019124,"dg_ldh":-2.725037520740653,"pep":-15.809846192029227,"ppc":0.002561001459400126,"v_acontb":4.281131608603069,"dg_glns":-9.93287776838386,"pyr":-9.400742454573319,"v_etoht":8.562263217393202,"v_gludy":4.281131608603112,"nh4":-11.69840992273202,"gapd":0.0027554397891081488,"dg_fort":-4.2666237299350005,"v_pyk":12.843394826130888,"v_lact":2.633235310737529e-11,"pts":0.0013534633547011938,"dg_fba":-4.012101014147563,"v_burn":17.124526435003013,"pyk":0.0017263175461365555,"v_eno":17.12452643473397,"v_pts":8.562263217366985,"lact":4.492815367293207e-14,"dpg13":-18.6167790562136,"akg":-20.723247010609036,"actp":-13.959407403316591,"v_act":1.0826320491843374e-10,"v_tpi":8.562263217366985,"dg_ackr":-15.44921907841418,"oaa":-12.993146819508498,"ackr":4.03577990942026e-15,"nh4t":0.0013868901825839748,"gln":-20.723151750164906,"v_pdh":7.876895475303764e-11,"nadh":-12.317770588974545,"mu":4.281131608603112,"v_pgk":17.12452643473397,"acontb":0.0025600281477252624,"atp":-10.36169235698511,"ac":-15.95913224616409,"aconta":0.002141830566443844,"dg_pfl":-6.843177225502719,"dg_aconta":-21.185621833388854,"g3p":-10.45137790246772,"ldh":2.525104964972422e-14,"v_icdh":4.281131608603069,"pfl":0.008734063087345298,"pfk":0.00043362549300077354,"formate":-5.875636920232595,"acon":-5.99187303529708,"pgi":0.0012965429828041585,"gludy":0.0003122999944864603,"pg2":-15.433522994334682,"pg3":-15.466394200165599,"dg_act":-47.76638171332943,"v_acald":8.562263217393202,"v_pfk":8.562263217366985,"dg_ppc":-26.009456731217,"v_ptar":1.0826320802456764e-10,"acald":0.0010519744941266335,"pdh":1.0716803756662377e-14,"dg_ptar":-10.399019538746504,"pgm":0.0008366607456753362,"f6p":-12.421055092328507}