{"dg_pgm":-2.768497463316346,"cs":0.001813184783504972,"dg_acontb":-21.124061531295922,"etoh":-10.67565930146705,"v_fba":8.56226585727829,"v_fort":12.84339878592073,"dg_etoht":-3.783591339090377,"icdh":0.004946788878098156,"v_gapd":17.12453171455658,"dg_pgk":-4.282240738745867,"dg_lact":0.31844975181054785,"v_nh4t":8.562265857335174,"v_cs":4.281132928667586,"accoa":-3.417449360674256,"pgk":0.0020409803546571088,"dhap":-6.782536810351851,"eno":0.003509766699840408,"nad":-10.775030287570509,"alcd":0.005631827937868632,"fdp":-5.328897044159779,"icit":-15.62052160692637,"dg_eno":-5.232871366075489,"dg_pdh":-31.599586806633468,"cit":-2.469897903650292,"glu":-20.723260569458198,"v_pgm":17.12453171455658,"v_ldh":-1.4231088548147227e-11,"v_pfl":12.84339878592073,"dg_alcd":-6.067318269585421,"dg_pyk":-5.204063064363706,"acetald":-15.049630889808238,"v_ppc":4.281132928667586,"dg_gludy":-19.907171965709043,"v_aconta":4.281132928667586,"tpi":0.00048029870574217844,"v_alcd":8.562265857276651,"dg_pts":-4.776214630670502,"adp":-12.659452051608984,"dg_tpi":-2.9948616901032796,"dg_gapd":-4.80738820935277,"dg_icdh":-22.202853965220584,"act":-5.783163933317663e-15,"dg_nh4t":-21.120835917408538,"fort":0.0020227361536918165,"v_ackr":-4.1012615272075226e-11,"glns":3.7473665974985915e-14,"v_glns":4.281132928667587,"etoht":0.0015306978034536586,"dg_pfk":-2.8269057889649023,"g6p":-10.161663881588915,"v_pgi":8.56226585727829,"fba":0.0008735875508045359,"lac":-3.1200562239302876,"dg_acald":-3.146062451983402,"dg_pgi":-4.70085418961453,"ptar":-1.7203149016538387e-15,"dg_cs":-27.72871946866972,"dg_ldh":-3.590728823939879,"pep":-15.8097824973917,"ppc":0.002561003114395759,"v_acontb":4.281132928667587,"dg_glns":-4.477348155423978,"pyr":-9.400703942006597,"v_etoht":8.562265857276651,"v_gludy":4.281132928667587,"nh4":-11.22307357800828,"gapd":0.002755445037409822,"dg_fort":-4.2666425762115905,"v_pyk":12.843398785888994,"v_lact":-1.4228058346828083e-11,"pts":0.0013534659666023046,"dg_fba":-4.012081307036112,"v_burn":17.124531714458683,"pyk":0.0017263116186110147,"v_eno":17.12453171455658,"v_pts":8.56226585727829,"lact":4.014831893882457e-14,"dpg13":-18.61673876906737,"akg":-20.723255088036034,"actp":-15.323021014714154,"v_act":-4.101284137915191e-11,"v_tpi":8.56226585727829,"dg_ackr":-12.04081375332513,"oaa":-13.144210841233763,"ackr":-1.531108451507641e-15,"nh4t":0.0013868925041389652,"gln":-18.047489920624948,"v_pdh":-1.7505734455402792e-11,"nadh":-12.384468200004608,"mu":4.281132928667587,"v_pgk":17.12453171455658,"acontb":0.0025600267235935392,"atp":-10.356866958614939,"ac":-15.947816820770353,"aconta":0.00214182360207991,"dg_pfl":-6.843198865859296,"dg_aconta":-21.615916110526122,"g3p":-10.451346189118192,"ldh":-1.1550312391697226e-14,"v_icdh":4.281132928667587,"pfl":0.008734061301625696,"pfk":0.00043362729195950986,"formate":-5.875629317764447,"acon":-6.332761576971198,"pgi":0.0012965455642129826,"gludy":0.0003122927210602989,"pg2":-15.433468119706923,"pg3":-15.466345724795039,"dg_act":-47.794432292767105,"v_acald":8.562265857276651,"v_pfk":8.56226585727829,"dg_ppc":-26.384097530440783,"v_ptar":-4.101261647557173e-11,"acald":0.0010519714997366451,"pdh":-2.3813626468698986e-15,"dg_ptar":-13.779429269191963,"pgm":0.0008366642867028015,"f6p":-12.421012850284137}