{"dg_pgm":-2.7685009984324647,"cs":0.001813186005297981,"dg_acontb":-21.556493654553137,"etoh":-10.67566090188425,"v_fba":8.562269423318078,"v_fort":12.843404134959426,"dg_etoht":-3.783587371707077,"icdh":0.004946784444113585,"v_gapd":17.124538846636156,"dg_pgk":-4.282245262263962,"dg_lact":-0.29702948387508515,"v_nh4t":8.562269423387466,"v_cs":4.281134711693732,"accoa":-3.4174543037292007,"pgk":0.0020409802684582304,"dhap":-6.782542375474043,"eno":0.0035097671532217764,"nad":-10.707048699149695,"alcd":0.00563183125873471,"fdp":-5.328907905484752,"icit":-15.512356443094507,"dg_eno":-5.232876238414336,"dg_pdh":-31.599577783799848,"cit":-2.3026177257783056,"glu":-20.72326377190399,"v_pgm":17.124538846636156,"v_ldh":9.722175582705594e-12,"v_pfl":12.843404134959426,"dg_alcd":-6.067313556901782,"dg_pyk":-5.204049152111888,"acetald":-15.049634391292056,"v_ppc":4.281134711693732,"dg_gludy":-19.855907137326536,"v_aconta":4.281134711693732,"tpi":0.0004802985202774032,"v_alcd":8.562269423299854,"dg_pts":-4.776219357711876,"adp":-12.692830037860077,"dg_tpi":-2.9948654154880017,"dg_gapd":-4.807392945995488,"dg_icdh":-22.47100902829264,"act":-8.585802355931759e-15,"dg_nh4t":-21.87597914084895,"fort":0.002022737865351863,"v_ackr":-6.088749005294118e-11,"glns":2.7500073320832314e-14,"v_glns":4.281134711693733,"etoht":0.0015306992620324226,"dg_pfk":-2.826909375571007,"g6p":-10.161671400561273,"v_pgi":8.562269423318078,"fba":0.0008735874601722829,"lac":-2.8717758135996334,"dg_acald":-3.146058878374466,"dg_pgi":-4.700858888594184,"ptar":-2.5533726536101488e-15,"dg_cs":-26.332460220865535,"dg_ldh":-2.9752283117447553,"pep":-15.809796692314276,"ppc":0.002561003474056177,"v_acontb":4.281134711693736,"dg_glns":-4.216367061794803,"pyr":-9.40071252481525,"v_etoht":8.562269423299854,"v_gludy":4.281134711693733,"nh4":-11.243749802645372,"gapd":0.0027554452047121743,"dg_fort":-4.266638376140976,"v_pyk":12.843404134942421,"v_lact":9.720925863022895e-12,"pts":0.0013534660411531837,"dg_fba":-4.012085699063503,"v_burn":17.124538846505875,"pyk":0.0017263137772919376,"v_eno":17.124538846636156,"v_pts":8.562269423318078,"lact":2.9282942388629734e-14,"dpg13":-18.616747747717632,"akg":-20.7232619716618,"actp":-15.865287332913674,"v_act":-6.088715773113359e-11,"v_tpi":8.562269423318078,"dg_ackr":-12.43896835814315,"oaa":-13.540172766219424,"ackr":-2.272618324335767e-15,"nh4t":0.0013868876032927478,"gln":-17.962891233909865,"v_pdh":-2.6726006799392e-11,"nadh":-12.316486611583793,"mu":4.281134711693733,"v_pgk":17.124538846636156,"acontb":0.00256002131819662,"atp":-10.39024494486603,"ac":-16.650696175003716,"aconta":0.002141821913599813,"dg_pfl":-6.843194043096306,"dg_aconta":-21.330028225739042,"g3p":-10.451353257036894,"ldh":8.834421588337349e-15,"v_icdh":4.281134711693736,"pfl":0.008734065937298491,"pfk":0.0004336271014139328,"formate":-5.875631012046227,"acon":-6.050156044110707,"pgi":0.0012965456179414238,"gludy":0.00031229329232415663,"pg2":-15.433480349158987,"pg3":-15.466356528203738,"dg_act":-46.05201674275804,"v_acald":8.562269423299854,"v_pfk":8.562269423318078,"dg_ppc":-27.36563935223067,"v_ptar":-6.088749151918603e-11,"acald":0.0010519726774287938,"pdh":-3.635814684901553e-15,"dg_ptar":-15.123677960707095,"pgm":0.0008366639035578188,"f6p":-12.421022264795011}