{"dg_pgm":-2.7685125463076155,"cs":0.0018131841258849496,"dg_acontb":-21.511591888672825,"etoh":-10.675666129673255,"v_fba":8.562261915194522,"v_fort":12.843392873112657,"dg_etoht":-3.783574412184504,"icdh":0.004946787196518992,"v_gapd":17.124523830389045,"dg_pgk":-4.2822600384596745,"dg_lact":0.3225497869857779,"v_nh4t":8.56226191451943,"v_cs":4.281130957259714,"accoa":-3.417470450473137,"pgk":0.002040975420747143,"dhap":-6.782560553026332,"eno":0.003509760781389342,"nad":-10.841992421928518,"alcd":0.0056318295064421145,"fdp":-5.328943381994843,"icit":-15.42729628470523,"dg_eno":-5.2328921555039685,"dg_pdh":-31.599548313408395,"cit":-2.3026099869768872,"glu":-20.723236672165857,"v_pgm":17.124523830389045,"v_ldh":-4.5061845301396663e-10,"v_pfl":12.843392873112657,"dg_alcd":-6.067298163066348,"dg_pyk":-5.204003708671761,"acetald":-15.049645828856397,"v_ppc":4.281130957259714,"dg_gludy":-18.37419541440908,"v_aconta":4.281130957259714,"tpi":0.0004802968400431332,"v_alcd":8.562261915653476,"dg_pts":-4.776234796820228,"adp":-12.654687073502341,"dg_tpi":-2.9948775828579475,"dg_gapd":-4.807408416987372,"dg_icdh":-22.668399340655544,"act":9.40233116703274e-14,"dg_nh4t":-20.98564360200887,"fort":0.0020227389308521216,"v_ackr":6.667572508036072e-10,"glns":8.411008149439011e-13,"v_glns":4.281130957259714,"etoht":0.0015307006019331273,"dg_pfk":-2.826921090275706,"g6p":-10.161695960194224,"v_pgi":8.562261915194522,"fba":0.0008735852096806824,"lac":-3.1217101520510995,"dg_acald":-3.146047204468112,"dg_pgi":-4.700874236480484,"ptar":2.7982914910995276e-14,"dg_cs":-27.357983761827857,"dg_ldh":-3.5947380849498103,"pep":-15.809843058821556,"ppc":0.0025610018090845726,"v_acontb":4.281130957259717,"dg_glns":-3.508037400741097,"pyr":-9.400740559727721,"v_etoht":8.562261915653476,"v_gludy":4.281130957259714,"nh4":-11.846869952331707,"gapd":0.002755439586657063,"dg_fort":-4.266624657558371,"v_pyk":12.843392873129329,"v_lact":-4.5064673229328577e-10,"pts":0.0013534632567015219,"dg_fba":-4.012100044441223,"v_burn":17.124523831730897,"pyk":0.0017263169659001256,"v_eno":17.124523830389045,"v_pts":8.562261915194522,"lact":1.2554366163420979e-12,"dpg13":-18.61677707440935,"akg":-20.717827810231075,"actp":-15.447640726730913,"v_act":6.667567063220904e-10,"v_tpi":8.562261915194522,"dg_ackr":-11.596116281778226,"oaa":-13.126475351485672,"ackr":2.492684206056146e-14,"nh4t":0.0013868941083482636,"gln":-18.280248602296247,"v_pdh":4.672912503501535e-10,"nadh":-12.451430334362618,"mu":4.281130957259714,"v_pgk":17.124523830389045,"acontb":0.0025600273600500513,"atp":-10.352101980508296,"ac":-15.893048400244059,"aconta":0.0021418295627350895,"dg_pfl":-6.843178291287453,"dg_aconta":-21.16408775025431,"g3p":-10.451376342828857,"ldh":-3.655619035952027e-13,"v_icdh":4.281130957259717,"pfl":0.008734061538704516,"pfk":0.00043362550894580394,"formate":-5.875636546035225,"acon":-5.983208972582788,"pgi":0.0012965428928374914,"gludy":0.00031230394268035033,"pg2":-15.433520294813516,"pg3":-15.466391815518852,"dg_act":-47.93020146424679,"v_acald":8.562261915653476,"v_pfk":8.562261915194522,"dg_ppc":-26.339981685929985,"v_ptar":6.667572565224762e-10,"acald":0.0010519741710505735,"pdh":6.357884159192098e-14,"dg_ptar":-14.088305288318928,"pgm":0.0008366607799667199,"f6p":-12.421053015667711}