{"dg_pgm":-2.768511307797504,"cs":0.0018131854068810412,"dg_acontb":-21.434670910140397,"etoh":-10.675665568631251,"v_fba":8.562265805419518,"v_fort":12.843398708037046,"dg_etoht":-3.783575802989777,"icdh":0.0049467880448707535,"v_gapd":17.124531610839036,"dg_pgk":-4.282258453364153,"dg_lact":-0.6901025858476395,"v_nh4t":8.562265805343309,"v_cs":4.281132902671653,"accoa":-3.41746871764241,"pgk":0.002040976676107328,"dhap":-6.782558601251083,"eno":0.003509762729420008,"nad":-7.632239101916214,"alcd":0.0056318317230414595,"fdp":-5.328939573110144,"icit":-15.42435551390427,"dg_eno":-5.232890447996275,"dg_pdh":-31.59955147429082,"cit":-2.3025854049047387,"glu":-20.723264790748345,"v_pgm":17.124531610839036,"v_ldh":1.0480639428696654e-10,"v_pfl":12.843398708037046,"dg_alcd":-6.067299814946139,"dg_pyk":-5.204008585425022,"acetald":-15.049644601456588,"v_ppc":4.281132902671653,"dg_gludy":-19.671476006140477,"v_aconta":4.281132902671653,"tpi":0.0004802971932677386,"v_alcd":8.562265805379878,"dg_pts":-4.776233137853744,"adp":-9.5967782408902,"dg_tpi":-2.994876278205669,"dg_gapd":-4.80740675787377,"dg_icdh":-22.689112675582127,"act":1.5573877430044737e-15,"dg_nh4t":-21.73341647265287,"fort":0.0020227395452435204,"v_ackr":1.1043294904999391e-11,"glns":1.577141983424315e-13,"v_glns":4.281132902671654,"etoht":0.00153070100947325,"dg_pfk":-2.8269198326272926,"g6p":-10.161693323726436,"v_pgi":8.562265805419518,"fba":0.0008735857658860387,"lac":-2.7132126235044014,"dg_acald":-3.146048457415274,"dg_pgi":-4.700872587744688,"ptar":4.631883035365877e-16,"dg_cs":-26.595669590709104,"dg_ldh":-2.5820931686310473,"pep":-15.809838083659697,"ppc":0.0025610027745136535,"v_acontb":4.281132902671656,"dg_glns":-2.354275537640819,"pyr":-9.400737551817118,"v_etoht":8.562265805379878,"v_gludy":4.281132902671654,"nh4":-11.318168471780703,"gapd":0.0027554411819496346,"dg_fort":-4.266626129192721,"v_pyk":12.843398708167381,"v_lact":1.0480548728949689e-10,"pts":0.0013534640433053797,"dg_fba":-4.01209850511543,"v_burn":17.124531610926287,"pyk":0.0017263172455918123,"v_eno":17.124531610839036,"v_pts":8.562265805419518,"lact":1.3742154919126424e-13,"dpg13":-18.616773927069794,"akg":-20.72324266703981,"actp":-15.859305952857511,"v_act":1.1043259300084349e-11,"v_tpi":8.562265805419518,"dg_ackr":-11.711369150523971,"oaa":-13.433963459090853,"ackr":4.126348735471006e-16,"nh4t":0.0013868859448938477,"gln":-17.286155040610847,"v_pdh":2.5526851925312447e-11,"nadh":-9.241677014350312,"mu":4.281132902671654,"v_pgk":17.124531610839036,"acontb":0.0025600281544319566,"atp":-7.294193147896155,"ac":-16.35120590082099,"aconta":0.002141829590770462,"dg_pfl":-6.843179980535535,"dg_aconta":-21.233779589735718,"g3p":-10.451373864765173,"ldh":1.0491113781351654e-13,"v_icdh":4.281132902671656,"pfl":0.008734065157102332,"pfk":0.00043362583610401484,"formate":-5.875635952387285,"acon":-6.011297635442237,"pgi":0.0012965436525247084,"gludy":0.0003122926179907913,"pg2":-15.433516008449402,"pg3":-15.466388028761845,"dg_act":-46.79444360117904,"v_acald":8.562265805379878,"v_pfk":8.562265805419518,"dg_ppc":-27.10224725214211,"v_ptar":1.104329288143206e-11,"acald":0.0010519743896379968,"pdh":3.473175340589647e-15,"dg_ptar":-15.108814578273169,"pgm":0.0008366614164284603,"f6p":-12.421049714110387}