{"dg_pgm":-2.768512385385416,"cs":0.0018131862980842752,"dg_acontb":-21.556751753460738,"etoh":-10.67566605442848,"v_fba":8.562269415889599,"v_fort":12.843403968192977,"dg_etoht":-3.78357459871391,"icdh":0.00494678354496462,"v_gapd":17.1245388317792,"dg_pgk":-4.282259832447335,"dg_lact":0.3147746247817955,"v_nh4t":8.56226985951346,"v_cs":4.281134929756714,"accoa":-3.4174702180462173,"pgk":0.0020409772513202335,"dhap":-6.7825602995316885,"eno":0.003509763902081087,"nad":-10.840291927804332,"alcd":0.00563183437217357,"fdp":-5.3289428876339215,"icit":-15.419700487008825,"dg_eno":-5.232891932889194,"dg_pdh":-31.599548707771998,"cit":-2.304329033804936,"glu":-20.72106073824908,"v_pgm":17.124538831779205,"v_ldh":-1.3346384298397487e-11,"v_pfl":12.843403968192977,"dg_alcd":-6.067298384388959,"dg_pyk":-5.204004339247139,"acetald":-15.049645664331482,"v_ppc":4.281134929756711,"dg_gludy":-19.68868607004106,"v_aconta":4.281134929756719,"tpi":0.0004802972782222714,"v_alcd":8.5622693828176,"dg_pts":-4.776234580418812,"adp":-12.65480710504283,"dg_tpi":-2.9948774144181103,"dg_gapd":-4.807408202263765,"dg_icdh":-22.698700626278427,"act":-5.789083051192447e-11,"dg_nh4t":-22.328622148000065,"fort":0.00202274064019388,"v_ackr":-4.105392704010939e-7,"glns":-5.473854491262924e-13,"v_glns":4.28113492975673,"etoht":0.0015307018982622283,"dg_pfk":-2.8269209267288358,"g6p":-10.161695618529166,"v_pgi":8.562269415889599,"fba":0.0008735859956353794,"lac":-3.1185737010541104,"dg_acald":-3.1460473727950116,"dg_pgi":-4.700874021499173,"ptar":-1.724170786737357e-11,"dg_cs":-26.545553124193276,"dg_ldh":-3.5869638932883436,"pep":-15.80984241294077,"ppc":0.002561003952976269,"v_acontb":4.2811349297567265,"dg_glns":-4.922600240660186,"pyr":-9.400740168217036,"v_etoht":8.5622693828176,"v_gludy":4.28113492975673,"nh4":-11.309809297475843,"gapd":0.0027554420449170483,"dg_fort":-4.266624841447919,"v_pyk":12.843403902022498,"v_lact":-1.3343834950394495e-11,"pts":0.0013534644647495086,"dg_fba":-4.012099844696059,"v_burn":17.124537977616104,"pyk":0.001726318383125336,"v_eno":17.12453883177921,"v_pts":8.562269415889599,"lact":2.6624199771654674e-14,"dpg13":-18.616776666349004,"akg":-20.72245535849307,"actp":-15.212269219182758,"v_act":-4.105392623639248e-7,"v_tpi":8.562269415889599,"dg_ackr":-13.627075443353295,"oaa":-13.455923751932621,"ackr":-1.5317700689666316e-11,"nh4t":0.0013868851815287207,"gln":-18.311637669062357,"v_pdh":-6.615742968983427e-8,"nadh":-12.449729840238435,"mu":4.28113492975673,"v_pgk":17.1245388317792,"acontb":0.002560021524269248,"atp":-10.352222012048781,"ac":-16.476952905214734,"aconta":0.0021418236272968518,"dg_pfl":-6.843178501761492,"dg_aconta":-21.095836682335193,"g3p":-10.451376021386652,"ldh":-1.106529349701903e-14,"v_icdh":4.28113492975673,"pfl":0.008734069040286297,"pfk":0.00043362590573601384,"formate":-5.87563647185535,"acon":-5.957395972566745,"pgi":0.0012965440508787582,"gludy":0.00031229424397396333,"pg2":-15.433519738734114,"pg3":-15.466391324354444,"dg_act":-46.48272077918537,"v_acald":8.5622693828176,"v_pfk":8.562269415889599,"dg_ppc":-27.15667538706053,"v_ptar":-4.1053927700545976e-7,"acald":0.0010519750536438683,"pdh":-9.000515260134016e-12,"dg_ptar":-13.504827387984218,"pgm":0.0008366615462111804,"f6p":-12.42105258728056}