{"dg_pgm":-2.7685123499932227,"cs":0.0018131788597630567,"dg_acontb":-19.755424714543807,"etoh":-10.67566603858388,"v_fba":8.562233307814742,"v_fort":12.843349961925801,"dg_etoht":-3.7835746379921655,"icdh":0.004946808684621745,"v_gapd":17.124466615629483,"dg_pgk":-4.282259785158513,"dg_lact":0.29808439828974503,"v_nh4t":8.562233306486394,"v_cs":4.281116653243196,"accoa":-3.417470169441514,"pgk":0.0020409686539093227,"dhap":-6.7825602349145955,"eno":0.0035097491104112708,"nad":-10.897595641886738,"alcd":0.005631810634181561,"fdp":-5.328942761881802,"icit":-14.260364576331776,"dg_eno":-5.232891886757522,"dg_pdh":-31.59954882801275,"cit":-2.3026745797036177,"glu":-20.72325217219834,"v_pgm":17.124466615629483,"v_ldh":-1.93808393362734e-10,"v_pfl":12.843349961925801,"dg_alcd":-6.067298431444198,"dg_pyk":-5.204004482509104,"acetald":-15.049645629505102,"v_ppc":4.281116653243196,"dg_gludy":-16.579531099518775,"v_aconta":4.2811166532431955,"tpi":0.0004802952571153206,"v_alcd":8.562233308238794,"dg_pts":-4.776234516709422,"adp":-12.65076160741227,"dg_tpi":-2.994877371647197,"dg_gapd":-4.807408150038832,"dg_icdh":-20.868386688486478,"act":1.5484915263784475e-13,"dg_nh4t":-18.731410046511886,"fort":0.002022732122928707,"v_ackr":1.098106244107426e-9,"glns":9.17331369174563e-13,"v_glns":4.281116653243197,"etoht":0.0015306954408136474,"dg_pfk":-2.8269208828151027,"g6p":-10.161695535038243,"v_pgi":8.562233307814742,"fba":0.0008735823168680544,"lac":-3.111840969807147,"dg_acald":-3.1460474069510567,"dg_pgi":-4.700873960648746,"ptar":4.60797934035386e-14,"dg_cs":-26.123111525999526,"dg_ldh":-3.570273907526577,"pep":-15.809842258040744,"ppc":0.0025609927856013737,"v_acontb":4.281116653243193,"dg_glns":-2.0345787790651295,"pyr":-9.400740071107974,"v_etoht":8.562233308238794,"v_gludy":4.281116653243197,"nh4":-14.463886993545955,"gapd":0.0027554304355437787,"dg_fort":-4.266624897054627,"v_pyk":12.843349962386288,"v_lact":-1.9380704693662135e-10,"pts":0.0013534587635470393,"dg_fba":-4.012099793293219,"v_burn":17.124466618055937,"pyk":0.001726311117322729,"v_eno":17.124466615629483,"v_pts":8.562233307814742,"lact":5.856835174118973e-13,"dpg13":-18.616776563411197,"akg":-18.82478244282726,"actp":-15.455433092524096,"v_act":1.0981062727996037e-9,"v_tpi":8.562233307814742,"dg_ackr":-11.535633264337966,"oaa":-13.624679552571163,"ackr":4.105235058074278e-14,"nh4t":0.0013869344497773814,"gln":-20.30289730411511,"v_pdh":6.542954779718882e-10,"nadh":-12.507033554320836,"mu":4.281116653243197,"v_pgk":17.124466615629483,"acontb":0.002560056177142308,"atp":-10.348176514418224,"ac":-15.87644230136544,"aconta":0.002141843136973795,"dg_pfl":-6.843178566395553,"dg_aconta":-20.02730823361325,"g3p":-10.451375939516046,"ldh":-1.577266021744456e-13,"v_icdh":4.281116653243193,"pfl":0.008734032300120244,"pfk":0.00043362408156609,"formate":-5.875636449423958,"acon":-5.524703936177003,"pgi":0.00129653858942201,"gludy":0.00031232854040622575,"pg2":-15.43351960244331,"pg3":-15.466391202340626,"dg_act":-47.97136745487779,"v_acald":8.562233308238794,"v_pfk":8.562233307814742,"dg_ppc":-27.575016030182354,"v_ptar":1.0981062571571212e-9,"acald":0.0010519706142342162,"pdh":8.902087010552526e-14,"dg_ptar":-14.10762301179664,"pgm":0.0008366580251084116,"f6p":-12.421052479242961}