{"dg_pgm":-2.573506967324408,"cs":0.001789027425670027,"dg_acontb":-21.427668209654925,"etoh":-10.771390598125382,"v_fba":8.448187909481724,"v_fort":12.672281694691048,"dg_etoht":-3.546276501322892,"icdh":0.004880883223359422,"v_gapd":16.896375818963445,"dg_pgk":-4.029796376611726,"dg_lact":0.9677509879988848,"v_nh4t":8.448188011620465,"v_cs":4.224094005810229,"accoa":-3.713987569663048,"pgk":0.002070035947447432,"dhap":-5.477529513779914,"eno":0.003523906972870504,"nad":-11.128060528290483,"alcd":0.005620332507271819,"fdp":-2.7345224552645937,"icit":-15.154213209055847,"dg_eno":-4.959580296764759,"dg_pdh":-31.055221989255898,"cit":-2.303553034074815,"glu":-20.723115747133306,"v_pgm":16.89637581896345,"v_ldh":1.7277194274640536e-7,"v_pfl":12.672281694691048,"dg_alcd":-5.782213355297464,"dg_pyk":-4.931191412386011,"acetald":-15.260371696134019,"v_ppc":4.224094005810227,"dg_gludy":-17.109413199296878,"v_aconta":4.224094005810232,"tpi":0.0004968283655879536,"v_alcd":8.448187795940914,"dg_pts":-4.5117682369073,"adp":-13.448018316881948,"dg_tpi":-2.788992269775968,"dg_gapd":-4.5422738645638,"dg_icdh":-22.58762370018374,"act":-2.2754872273157482e-11,"dg_nh4t":-19.97416559361344,"fort":0.0020519474640732552,"v_ackr":-1.6136855431543043e-7,"glns":-3.9880223768742785e-13,"v_glns":4.224094005810232,"etoht":0.001563174977436257,"dg_pfk":-2.6290250414105105,"g6p":-8.959091770194487,"v_pgi":8.448187909481724,"fba":0.0008892017682720549,"lac":-3.3819802142164215,"dg_acald":-2.933373421284153,"dg_pgi":-4.438064140062215,"ptar":-6.775495237964474e-12,"dg_cs":-27.263010799674834,"dg_ldh":-2.960556459995956,"pep":-15.230017894970421,"ppc":0.0025268813184697436,"v_acontb":4.224094005810232,"dg_glns":-6.176823801607021,"pyr":-9.916835457140817,"v_etoht":8.448187795940914,"v_gludy":4.224094005810231,"nh4":-12.662621586554556,"gapd":0.002777809778717015,"dg_fort":-4.014585766831512,"v_pyk":12.672281813153226,"v_lact":1.7277206548310318e-7,"pts":0.0013648969559847777,"dg_fba":-3.7674408139194395,"v_burn":16.896375555456167,"pyk":0.0017337146927372776,"v_eno":16.89637581896345,"v_pts":8.448187909481724,"lact":-1.6622665403724225e-10,"dpg13":-17.121739616260218,"akg":-20.412160354803678,"actp":-15.123512895493953,"v_act":-1.613685511925377e-7,"v_tpi":8.448187909481724,"dg_ackr":-10.70388770523701,"oaa":-13.16572988765829,"ackr":-6.0486333405777235e-12,"nh4t":0.001368425423927486,"gln":-18.966479969908505,"v_pdh":-5.430954683785419e-8,"nadh":-12.737498440724583,"mu":4.224094005810232,"v_pgk":16.89637581896345,"acontb":0.002525921908127663,"atp":-9.93946241689929,"ac":-16.414972041193753,"aconta":0.002113295991523949,"dg_pfl":-6.550890857861829,"dg_aconta":-20.56870939186298,"g3p":-9.06329247734679,"ldh":1.5803778837746815e-10,"v_icdh":4.224094005810233,"pfl":0.0086828426353541,"pfk":0.00044988808265595875,"formate":-5.977307432038778,"acon":-5.743980175445028,"pgi":0.0013085500396158437,"gludy":0.00030815210438866076,"pg2":-14.963947397004162,"pg3":-15.075482928385314,"dg_act":-46.63636936855237,"v_acald":8.448187795940914,"v_pfk":8.448187909481724,"dg_ppc":-27.87466056007741,"v_ptar":-1.6136855605991045e-7,"acald":0.0010853335705324155,"pdh":-7.38864482191604e-12,"dg_ptar":-12.54974620823626,"pgm":0.0008689489979300234,"f6p":-11.112432903774073}