{"dg_pgm":-2.638288465619593,"cs":0.001797514964693464,"dg_acontb":-20.996730113246706,"etoh":-10.73940857721363,"v_fba":8.488267918633676,"v_fort":12.732401845693579,"dg_etoht":-3.625558913335304,"icdh":0.004904038236389285,"v_gapd":16.976535837267352,"dg_pgk":-4.114335779933555,"dg_lact":-1.635908181911574,"v_nh4t":8.488267897039051,"v_cs":4.244133948519526,"accoa":-3.6147207290246484,"pgk":0.002059831910365418,"dhap":-5.9146468208122585,"eno":0.0035188729674352783,"nad":-10.633485196034306,"alcd":0.005624260419465173,"fdp":-3.6033776105727697,"icit":-15.237124206258919,"dg_eno":-5.051410969729773,"dg_pdh":-31.23815297806787,"cit":-2.3025869784798854,"glu":-20.723264986055266,"v_pgm":16.976535837267352,"v_ldh":4.301298076687394e-8,"v_pfl":12.732401845693579,"dg_alcd":-5.878197593595094,"dg_pyk":-5.0228348320737295,"acetald":-15.189670243780744,"v_ppc":4.244133948519526,"dg_gludy":-16.970108235601895,"v_aconta":4.244133948519526,"tpi":0.0004910744810658589,"v_alcd":8.48826789714782,"dg_pts":-4.600502409558859,"adp":-12.909083049092857,"dg_tpi":-2.857479182647273,"dg_gapd":-4.631235424598769,"dg_icdh":-22.14048271039859,"act":9.519156191487617e-15,"dg_nh4t":-20.355447782207655,"fort":0.002041691881554173,"v_ackr":6.750079740807331e-11,"glns":8.503326785064898e-14,"v_glns":4.244133948519526,"etoht":0.0015518117886227946,"dg_pfk":-2.6947936535134787,"g6p":-9.361887419954279,"v_pgi":8.488267918633676,"fba":0.0008837297893537681,"lac":-2.3316806596808104,"dg_acald":-3.0041861097494875,"dg_pgi":-4.526215366050798,"ptar":2.9742894371869518e-15,"dg_cs":-27.17733691732799,"dg_ldh":-0.785907617672857,"pep":-15.423958705261,"ppc":0.002538869532544715,"v_acontb":4.244133948519526,"dg_glns":-3.4505626720393927,"pyr":-9.743775418728925,"v_etoht":8.48826789714782,"v_gludy":4.244133948519526,"nh4":-12.816428397162042,"gapd":0.0027699158832856802,"dg_fort":-4.098980869944711,"v_pyk":12.732401888747827,"v_lact":4.301298276672613e-8,"pts":0.0013608630680349097,"dg_fba":-3.849263233846865,"v_burn":16.976535858929477,"pyk":0.0017310859110979658,"v_eno":16.976535837267352,"v_pts":8.488267918633676,"lact":2.513321044004529e-11,"dpg13":-17.622370636172832,"akg":-20.31469751974279,"actp":-12.609678054195204,"v_act":6.750079592459771e-11,"v_tpi":8.488267918633676,"dg_ackr":-10.077613426585163,"oaa":-13.199324131469723,"ackr":2.5336981571667694e-15,"nh4t":0.0013749173591590224,"gln":-18.42464883542196,"v_pdh":4.1266688121624874e-11,"nadh":-12.242923108468405,"mu":4.244133948519526,"v_pgk":16.976535837267352,"acontb":0.0025379043177010873,"atp":-9.804496370626783,"ac":-13.244532916352327,"aconta":0.002123320499759767,"dg_pfl":-6.649426743560593,"dg_aconta":-21.207576032770245,"g3p":-9.528036969577387,"ldh":1.2283906001476335e-10,"v_icdh":4.244133948519526,"pfl":0.008700695211887724,"pfk":0.0004442334875041885,"formate":-5.943262984044523,"acon":-6.0007288607451725,"pgi":0.0013043178737894188,"gludy":0.00030961314454574574,"pg2":-15.120844297699163,"pg3":-15.206247384562271,"dg_act":-54.49578705980913,"v_acald":8.48826789714782,"v_pfk":8.488267918633676,"dg_ppc":-27.477166524805092,"v_ptar":6.750079790642821e-11,"acald":0.0010737098590582923,"pdh":5.614734781405183e-15,"dg_ptar":-6.5641089782258755,"pgm":0.0008577273645169636,"f6p":-11.550788197613837}