{"dg_pgm":-2.5204118468704992,"cs":0.001782659298016664,"dg_acontb":-21.441910295847315,"etoh":-10.797733757341138,"v_fba":8.418089868035405,"v_fort":12.627145643016801,"dg_etoht":-3.4809726479980756,"icdh":0.0048635093859206455,"v_gapd":16.83617973607081,"dg_pgk":-3.959995077183433,"dg_lact":0.9793330539342421,"v_nh4t":8.418116448648766,"v_cs":4.209058224324367,"accoa":-3.79591487001821,"pgk":0.00207995905922479,"dhap":-5.25928726746954,"eno":0.0035302038103070233,"nad":-10.600054502888892,"alcd":0.005620055963177149,"fdp":-2.3025896891288724,"icit":-15.142267562870135,"dg_eno":-4.883511607002524,"dg_pdh":-30.903688619203372,"cit":-2.3043921545436112,"glu":-20.72082436163217,"v_pgm":16.836179736070818,"v_ldh":-2.4080852969405468e-5,"v_pfl":12.627145643016801,"dg_alcd":-5.7025641307776,"dg_pyk":-4.733001532508782,"acetald":-15.318844846094768,"v_ppc":4.209058224324363,"dg_gludy":-17.116425814450622,"v_aconta":4.209058224324376,"tpi":0.0005020220985784558,"v_alcd":8.418101883251609,"dg_pts":-4.567985557332949,"adp":-13.36475841946898,"dg_tpi":-2.7327901534848835,"dg_gapd":-4.468678109219183,"dg_icdh":-22.59747913628328,"act":-2.0467793129358773e-9,"dg_nh4t":-19.98123014735036,"fort":0.0020619023243544747,"v_ackr":-1.4514979555785437e-5,"glns":1.178345803786152e-10,"v_glns":4.209058224324383,"etoht":0.001573791362990704,"dg_pfk":-2.6706199724483697,"g6p":-8.774784728033255,"v_pgi":8.418089868035405,"fba":0.0008943958628080134,"lac":-3.3866523459735594,"dg_acald":-2.8752313288847415,"dg_pgi":-4.493911412229214,"ptar":-6.092626336672114e-10,"dg_cs":-27.347905002375022,"dg_ldh":-2.6175099856346784,"pep":-15.166088041544576,"ppc":0.0025178867826327308,"v_acontb":4.209058224324377,"dg_glns":-4.985196764805526,"pyr":-10.0598903554945,"v_etoht":8.418101883251607,"v_gludy":4.20905822432438,"nh4":-12.665471382614129,"gapd":0.0027861517972615954,"dg_fort":-3.944923249034612,"v_pyk":12.627121511746461,"v_lact":-2.4080871204252657e-5,"pts":0.0013533607863219302,"dg_fba":-3.6999551125306707,"v_burn":16.836138640477927,"pyk":0.001753093707772545,"v_eno":16.83617973607082,"v_pts":8.418089868035405,"lact":2.2291838671855668e-8,"dpg13":-16.85113773381386,"akg":-20.404190328877615,"actp":-13.546224327126383,"v_act":-1.4514979266743033e-5,"v_tpi":8.418089868035405,"dg_ackr":-14.682521810220562,"oaa":-13.13232322653282,"ackr":-5.452385712450412e-10,"nh4t":0.0013635541669106748,"gln":-18.1994103212441,"v_pdh":-5.041955817748274e-8,"nadh":-12.209492415322986,"mu":4.209058224324383,"v_pgk":16.836179736070815,"acontb":0.002516930628943852,"atp":-9.569269230296781,"ac":-16.729572462983352,"aconta":0.002105773444592087,"dg_pfl":-6.4690200056062075,"dg_aconta":-20.522774276009255,"g3p":-8.82237865466933,"ldh":-2.379184192294762e-8,"v_icdh":4.2090582243243775,"pfl":0.008672205532349127,"pfk":0.00044334768533424527,"formate":-6.005408848789278,"acon":-5.72628936224345,"pgi":0.0012972585486908576,"gludy":0.0003070548898755653,"pg2":-14.93070316936786,"pg3":-15.063656934750304,"dg_act":-45.85648493509438,"v_acald":8.418101883251607,"v_pfk":8.418089868035405,"dg_ppc":-27.950326582389447,"v_ptar":-1.4514979357430768e-5,"acald":0.001095876702713912,"pdh":-6.858700663615193e-12,"dg_ptar":-8.436602874217629,"pgm":0.0008790107336973865,"f6p":-10.950654296116442}