{"dg_pgm":-2.4098226823122277,"cs":0.001770716876544314,"dg_acontb":-21.3940755393206,"etoh":-10.85302496478794,"v_fba":8.361721324275967,"v_fort":12.542581401468672,"dg_etoht":-3.3439075043801285,"icdh":0.004830928234726404,"v_gapd":16.723442648551934,"dg_pgk":-3.8130702593927652,"dg_lact":0.9998426270599436,"v_nh4t":8.361721365381786,"v_cs":4.180860682690879,"accoa":-3.9683844018834162,"pgk":0.002105070934839015,"dhap":-5.254332345129012,"eno":0.0035493160816962924,"nad":-11.115957840365743,"alcd":0.005627324259480414,"fdp":-2.3025850950591997,"icit":-15.155895115826972,"dg_eno":-4.722628196164035,"dg_pdh":-30.58298966712865,"cit":-2.302898560956724,"glu":-20.72313360315838,"v_pgm":16.72344264855194,"v_ldh":6.593053673422168e-7,"v_pfl":12.542581401468672,"dg_alcd":-5.533563965667081,"dg_pyk":-4.1779862707963975,"acetald":-15.442309645608953,"v_ppc":4.180860682690875,"dg_gludy":-17.116377897670514,"v_aconta":4.180860682690887,"tpi":0.0005142378173211651,"v_alcd":8.361720947166958,"dg_pts":-5.094398588965722,"adp":-13.775590971983831,"dg_tpi":-2.615527819678196,"dg_gapd":-4.313326628932255,"dg_icdh":-22.556730807195915,"act":-4.558939382099171e-11,"dg_nh4t":-19.99396865938657,"fort":0.002087061787831612,"v_ackr":-3.2330207620236666e-7,"glns":-4.3868793324309233e-13,"v_glns":4.180860682690893,"etoht":0.0015996689020399092,"dg_pfk":-3.072337138261027,"g6p":-8.80631026187342,"v_pgi":8.361721324275967,"fba":0.0009072476903105704,"lac":-3.3949257773683423,"dg_acald":-2.753750156962136,"dg_pgi":-5.017309561029894,"ptar":-1.3586615570797545e-11,"dg_cs":-27.191716005533337,"dg_ldh":-1.8897741260346217,"pep":-15.287099355529126,"ppc":0.0025010188835620463,"v_acontb":4.180860682690888,"dg_glns":-7.403704426734768,"pyr":-10.361727805556056,"v_etoht":8.361720947166958,"v_gludy":4.1808606826908905,"nh4":-12.670610017375429,"gapd":0.00280877537220943,"dg_fort":-3.7982664169606726,"v_pyk":12.542581965861071,"v_lact":6.593058920586091e-7,"pts":0.001292679790847255,"dg_fba":-3.558137977692962,"v_burn":16.72344228414407,"pyk":0.001832802258014865,"v_eno":16.723442648551945,"v_pts":8.361721324275967,"lact":-6.057506370244012e-10,"dpg13":-16.736212132203253,"akg":-20.401380264966956,"actp":-15.061781556914386,"v_act":-3.233020634574491e-7,"v_tpi":8.361721324275967,"dg_ackr":-9.878314810738996,"oaa":-13.193835281189758,"ackr":-1.2149540729135642e-11,"nh4t":0.0013544202020552155,"gln":-18.777753047230007,"v_pdh":-9.491335315646383e-8,"nadh":-12.725395752799848,"mu":4.180860682690893,"v_pgk":16.723442648551938,"acontb":0.002500069795523244,"atp":-9.575386019062265,"ac":-16.711858899076688,"aconta":0.0020916670924311276,"dg_pfl":-6.294977885605386,"dg_aconta":-20.60809387358737,"g3p":-8.77012085244948,"ldh":8.431347875844024e-10,"v_icdh":4.180860682690888,"pfl":0.008660377583462303,"pfk":0.00040104807219623807,"formate":-6.064569282373276,"acon":-5.759213151839837,"pgi":0.0012372510053275812,"gludy":0.0003049986920074491,"pg2":-15.116613828354485,"pg3":-15.29417855957084,"dg_act":-45.90039629628483,"v_acald":8.361720947166956,"v_pfk":8.361721324275967,"dg_ppc":-27.802829812080223,"v_ptar":-3.233020785096752e-7,"acald":0.0011208127358024896,"pdh":-1.2912660598046385e-11,"dg_ptar":-11.76607453360226,"pgm":0.0009025058795043221,"f6p":-11.193315315308563}