{"dg_pgm":-2.2879595369236094,"cs":0.0017546879731107456,"dg_acontb":-21.19686514630583,"etoh":-10.914603436031179,"v_fba":8.28602906145472,"v_fort":12.42904358388632,"dg_etoht":-3.1912564339029874,"icdh":0.004787199729384436,"v_gapd":16.57205812290944,"dg_pgk":-3.648658645842355,"dg_lact":0.9189935640838521,"v_nh4t":8.286029051790415,"v_cs":4.143014525895197,"accoa":-4.161364090151337,"pgk":0.0021344000135826405,"dhap":-5.2485293416092915,"eno":0.003570556727129723,"nad":-11.07454190330096,"alcd":0.005632700153876284,"fdp":-2.3025850979803777,"icit":-15.10411154796088,"dg_eno":-4.541290880730685,"dg_pdh":-30.221283687134335,"cit":-2.3026438004121794,"glu":-20.72306241510102,"v_pgm":16.57205812290944,"v_ldh":1.1329661654323657e-8,"v_pfl":12.42904358388632,"dg_alcd":-5.342227420398999,"dg_pyk":-3.7964095326774676,"acetald":-15.581072062655814,"v_ppc":4.143014525895197,"dg_gludy":-17.417681893968286,"v_aconta":4.143014525895196,"tpi":0.0005286407438844458,"v_alcd":8.286029056689019,"dg_pts":-5.675031344412905,"adp":-13.957901754802979,"dg_tpi":-2.4859921118741344,"dg_gapd":-4.13874124639754,"dg_icdh":-22.430803035876934,"act":4.371918824779893e-13,"dg_nh4t":-19.946785778207172,"fort":0.0021164546016613234,"v_ackr":3.100361845810253e-9,"glns":1.2358387387360504e-12,"v_glns":4.143014525895207,"etoht":0.0016301097776895142,"dg_pfk":-3.539809078140137,"g6p":-8.789494220583476,"v_pgi":8.28602906145472,"fba":0.0009223284825003322,"lac":-3.362311779418935,"dg_acald":-2.6193472670697973,"dg_pgi":-5.595419984332916,"ptar":1.3049185050772508e-13,"dg_cs":-27.077739644314196,"dg_ldh":-0.9688285774266453,"pep":-15.37494933327136,"ppc":0.0024783791064191692,"v_acontb":4.1430145258951985,"dg_glns":-10.561045895127576,"pyr":-10.70061738635186,"v_etoht":8.286029056689019,"v_gludy":4.143014525895207,"nh4":-12.65157674310622,"gapd":0.002834730745133762,"dg_fort":-3.634192058601961,"v_pyk":12.42904359701424,"v_lact":1.1329170758959351e-8,"pts":0.0012411885601025636,"dg_fba":-3.3998313405577942,"v_burn":16.572058135674116,"pyk":0.0019016134941929597,"v_eno":16.57205812290944,"v_pts":8.28602906145472,"lact":-1.12240048872526e-11,"dpg13":-16.607728614505994,"akg":-20.298798234825725,"actp":-14.975256632036848,"v_act":3.100362782894471e-9,"v_tpi":8.28602906145472,"dg_ackr":-9.505912050428392,"oaa":-13.239557860075614,"ackr":1.1662453823212813e-13,"nh4t":0.0013421637341716076,"gln":-19.62733482515314,"v_pdh":1.7982593587404622e-9,"nadh":-12.683979815735059,"mu":4.143014525895207,"v_pgk":16.57205812290944,"acontb":0.00247744177829384,"atp":-9.352731568814887,"ac":-16.880074301570545,"aconta":0.002072737333978511,"dg_pfl":-6.097346263969802,"dg_aconta":-20.67756599315632,"g3p":-8.71206396801656,"ldh":2.619270833923425e-11,"v_icdh":4.1430145258951985,"pfl":0.008640152416972881,"pfk":0.0003654331615159506,"formate":-6.130755835316303,"acon":-5.786983002611225,"pgi":0.001186435915277443,"gludy":0.0003022365882329673,"pg2":-15.277614126162183,"pg3":-15.504337675397094,"dg_act":-45.48339566695775,"v_acald":8.286029056689019,"v_pfk":8.28602906145472,"dg_ppc":-27.69839733101973,"v_ptar":3.1003618973423183e-9,"acald":0.0011502155733398656,"pdh":2.446550115779901e-13,"dg_ptar":-11.073191492848983,"pgm":0.0009301934713706971,"f6p":-11.409705343032805}