{"dg_pgm":-2.461514150675759,"cs":0.001776604540056073,"dg_acontb":-21.14654907076288,"etoh":-10.827112810773004,"v_fba":8.389526960450114,"v_fort":12.584290440721174,"dg_etoht":-3.408142909528852,"icdh":0.004846996506754798,"v_gapd":16.77905392090023,"dg_pgk":-3.882008737757085,"dg_lact":-0.8834923681330697,"v_nh4t":8.389526960315434,"v_cs":4.194763480157717,"accoa":-3.887466991345525,"pgk":0.002093185679753671,"dhap":-5.256683537357425,"eno":0.0035404027202561622,"nad":-10.617150136792098,"alcd":0.00562425338241534,"fdp":-2.3025850940783994,"icit":-15.142571721025416,"dg_eno":-4.798248522018448,"dg_pdh":-30.733745281501534,"cit":-2.302586879686266,"glu":-20.723265836262883,"v_pgm":16.77905392090023,"v_ldh":-2.0660584978339065e-11,"v_pfl":12.584290440721174,"dg_alcd":-5.613081889532292,"dg_pyk":-4.399199541315657,"acetald":-15.384320466698293,"v_ppc":4.194763480157717,"dg_gludy":-17.397825016766877,"v_aconta":4.194763480157717,"tpi":0.0005084357876178413,"v_alcd":8.389526960481444,"dg_pts":-4.848360722791901,"adp":-13.599397418813052,"dg_tpi":-2.670372584999842,"dg_gapd":-4.38629474897249,"dg_icdh":-22.293526977911924,"act":1.7487059221744265e-14,"dg_nh4t":-20.00908144292797,"fort":0.0020751527261222,"v_ackr":1.2401105482000425e-10,"glns":9.90958158595296e-14,"v_glns":4.194763480157717,"etoht":0.0015873916472682987,"dg_pfk":-2.881861391112369,"g6p":-8.799845875876324,"v_pgi":8.389526960450114,"fba":0.0009011557241306693,"lac":-2.635200414942898,"dg_acald":-2.81058851347509,"dg_pgi":-4.772584183369531,"ptar":5.247923264572557e-15,"dg_cs":-29.42125397447898,"dg_ldh":-0.3577864307413658,"pep":-15.238153813546264,"ppc":0.002509336366923495,"v_acontb":4.194763480157718,"dg_glns":-4.771120819004517,"pyr":-10.21999653871567,"v_etoht":8.389526960481444,"v_gludy":4.194763480157717,"nh4":-12.676706418165809,"gapd":0.0027981261275860144,"dg_fort":-3.8670737035431935,"v_pyk":12.584290440742512,"v_lact":-2.0487065470231994e-11,"pts":0.0013190131231324272,"dg_fba":-3.624639806861067,"v_burn":16.77905392115892,"pyk":0.0017982257948006776,"v_eno":16.77905392090023,"v_pts":8.389526960450114,"lact":-2.114366824331749e-14,"dpg13":-16.790122229725764,"akg":-20.2818821189369,"actp":-14.099177030755584,"v_act":1.2400900091228096e-10,"v_tpi":8.389526960450114,"dg_ackr":-12.920146416943219,"oaa":-12.294142159112523,"ackr":4.6314535051506615e-15,"nh4t":0.0013589290715648643,"gln":-17.904035943945384,"v_pdh":4.1998158216554443e-11,"nadh":-12.226588049226198,"mu":4.194763480157717,"v_pgk":16.77905392090023,"acontb":0.0025083869975971087,"atp":-9.581214217556514,"ac":-16.794288150597932,"aconta":0.002098625800009002,"dg_pfl":-6.3769262133957705,"dg_aconta":-20.82336471839927,"g3p":-8.794596074294226,"ldh":-1.30276098813897e-13,"v_icdh":4.194763480157718,"pfl":0.008666726889256229,"pfk":0.00041943487610002195,"formate":-6.036812860456921,"acon":-5.845740360629712,"pgi":0.001263282285852055,"gludy":0.0003060176087338915,"pg2":-15.037163527731703,"pg3":-15.193876249275311,"dg_act":-45.6960568050746,"v_acald":8.389526960481444,"v_pfk":8.389526960450114,"dg_ppc":-25.693853636068006,"v_ptar":1.2401105540551802e-10,"acald":0.0011089696443089452,"pdh":5.71432931707613e-15,"dg_ptar":-9.580400233670472,"pgm":0.0008913467996781568,"f6p":-11.088130267978103}