{"dg_pgm":-2.7499832375266178,"cs":0.001811060078429438,"dg_acontb":-21.203908244927305,"etoh":-10.684692973019608,"v_fba":8.552229811406564,"v_fort":12.828344711254367,"dg_etoht":-3.761197154808186,"icdh":0.0049409963361392775,"v_gapd":17.104459622813128,"dg_pgk":-4.258525550413574,"dg_lact":-1.2792492108810525,"v_nh4t":8.552229819791402,"v_cs":4.276114909895902,"accoa":-3.4453583373853736,"pgk":0.0020435299080362106,"dhap":-6.659908867640406,"eno":0.003510978636292402,"nad":-10.713287163943525,"alcd":0.0056307755687133604,"fdp":-5.085055953942543,"icit":-15.083501200180873,"dg_eno":-5.20731352164352,"dg_pdh":-31.54861764714587,"cit":-2.3027026766125522,"glu":-20.7231563745132,"v_pgm":17.104459622813128,"v_ldh":2.8282939173473303e-9,"v_pfl":12.828344711254367,"dg_alcd":-6.040689811935101,"dg_pyk":-5.178469174727264,"acetald":-15.069406311867667,"v_ppc":4.276114909895902,"dg_gludy":-17.439047816642777,"v_aconta":4.276114909895902,"tpi":0.00048176868371783185,"v_alcd":8.552229809409699,"dg_pts":-4.751435453023521,"adp":-12.757549887892495,"dg_tpi":-2.9753499746521683,"dg_gapd":-4.782550056511661,"dg_icdh":-22.380912408829403,"act":-1.2996537590453688e-12,"dg_nh4t":-20.02663580119506,"fort":0.0020253068658797704,"v_ackr":-9.216669074523493e-9,"glns":1.3455373429302731e-12,"v_glns":4.276114909895701,"etoht":0.001533570121576399,"dg_pfk":-2.8081260238389203,"g6p":-10.048663845918352,"v_pgi":8.552229811406564,"fba":0.0008749619724317569,"lac":-2.4755546208826402,"dg_acald":-3.1258996288522507,"dg_pgi":-4.676221348726518,"ptar":-3.916837061167655e-13,"dg_cs":-26.591683773734324,"dg_ldh":-1.8728752366970327,"pep":-15.755247836008662,"ppc":0.002558000849204013,"v_acontb":4.276114909895584,"dg_glns":-2.9936491178170517,"pyr":-9.449173553582492,"v_etoht":8.552229809409699,"v_gludy":4.276114909895701,"nh4":-12.683787734676491,"gapd":0.002757391159120717,"dg_fort":-4.242928102919093,"v_pyk":12.828344712917225,"v_lact":2.8282965553481945e-9,"pts":0.0013544613143660954,"dg_fba":-3.9890623592960495,"v_burn":17.104459605211556,"pyk":0.0017269547497844654,"v_eno":17.104459622813128,"v_pts":8.552229811406564,"lact":2.063817944770973e-12,"dpg13":-18.476220371472532,"akg":-20.25806232530973,"actp":-14.160261166509958,"v_act":-9.216668887132237e-9,"v_tpi":8.552229811406564,"dg_ackr":-14.789407252879974,"oaa":-13.435688584023639,"ackr":-3.4157600374302293e-13,"nh4t":0.0013852816511169888,"gln":-18.79625643893744,"v_pdh":-1.1654360906057955e-9,"nadh":-12.322725076377623,"mu":4.276114909895701,"v_pgk":17.104459622813128,"acontb":0.0025570330108414226,"atp":-10.341636109591446,"ac":-16.007150799464718,"aconta":0.002139325489905799,"dg_pfl":-6.815944179664215,"dg_aconta":-20.619284546085545,"g3p":-10.320847344453313,"ldh":3.636745095304713e-12,"v_icdh":4.276114909895584,"pfl":0.008729503220589484,"pfk":0.0004350757111876047,"formate":-5.885195585509089,"acon":-5.763531513628803,"pgi":0.0012975923824919912,"gludy":0.00031195076736675344,"pg2":-15.389243330265655,"pg3":-15.429589456320048,"dg_act":-47.64734524788764,"v_acald":8.552229809409699,"v_pfk":8.552229811406564,"dg_ppc":-27.241851268540668,"v_ptar":-9.216669297772235e-9,"acald":0.0010549399699552099,"pdh":-1.5854638210296452e-13,"dg_ptar":-10.827799145262253,"pgm":0.0008395416466509085,"f6p":-12.298076083220074}