{"dg_pgm":-3.450138792953912,"cs":0.001852864395428627,"dg_acontb":-20.8265680718623,"etoh":-10.35257682230642,"v_fba":8.749643312794388,"v_fort":13.124464969682982,"dg_etoht":-4.584502522829682,"icdh":0.005055051550778974,"v_gapd":17.499286625588777,"dg_pgk":-5.123047839926363,"dg_lact":-0.8021526330517974,"v_nh4t":8.749643311187318,"v_cs":4.374821655592583,"accoa":-2.4270452567156062,"pgk":0.001949129287612049,"dhap":-9.047997317242721,"eno":0.0034413921438767574,"nad":-10.708401553089448,"alcd":0.00560520251921187,"fdp":-9.872807751302647,"icit":-15.002087343407108,"dg_eno":-6.125983271788133,"dg_pdh":-33.377478914890844,"cit":-2.3025853102752305,"glu":-20.016657090972128,"v_pgm":17.499286625588972,"v_ldh":1.1648509051796305e-10,"v_pfl":13.124464969682982,"dg_alcd":-6.988671274062214,"dg_pyk":-16.16555746817769,"acetald":-14.35488046679561,"v_ppc":4.374821655592583,"dg_gludy":-17.332914957396827,"v_aconta":4.374821655592583,"tpi":0.0005104123219620396,"v_alcd":8.749643312834511,"dg_pts":-4.555196934232061,"adp":-10.367379949334032,"dg_tpi":-2.822440694506478,"dg_gapd":-4.585818266989372,"dg_icdh":-22.112462988663875,"act":2.048365670814091e-13,"dg_nh4t":-18.85165120099408,"fort":0.0019306763320038087,"v_ackr":1.452619748843036e-9,"glns":8.76062009507652e-14,"v_glns":4.374821655593659,"etoht":0.0014342718879578214,"dg_pfk":-2.6611353296123976,"g6p":-10.2558797870718,"v_pgi":8.749643312794388,"fba":0.0009159726589190826,"lac":-2.6680123468997383,"dg_acald":-3.878978517870199,"dg_pgi":-4.4812061192217625,"ptar":6.080022764473717e-14,"dg_cs":-27.319151158403425,"dg_ldh":-6.7031988014378205,"pep":-14.285561060119333,"ppc":0.00261704700700026,"v_acontb":4.374821655592665,"dg_glns":0.9999952711379835,"pyr":-7.693109465784537,"v_etoht":8.749643312834511,"v_gludy":4.374821655593659,"nh4":-12.209806417751768,"gapd":0.0028661394373883466,"dg_fort":-5.10630969367981,"v_pyk":13.124464969996199,"v_lact":1.1648511689468483e-10,"pts":0.00140821945073806,"dg_fba":-3.8074592749940663,"v_burn":17.499286628649717,"pyk":0.0015871117673187456,"v_eno":17.499286625588972,"v_pts":8.749643312794388,"lact":1.3193727329025007e-13,"dpg13":-20.72326583666139,"akg":-20.06835767929841,"actp":-14.39947467807512,"v_act":1.4526197205530487e-9,"v_tpi":8.749643312794388,"dg_ackr":-23.239959294397845,"oaa":-13.142115500099665,"ackr":5.4133783146756905e-14,"nh4t":0.001417292825881193,"gln":-20.72326395568353,"v_pdh":1.9673124382985093e-10,"nadh":-12.317839465523548,"mu":4.374821655593659,"v_pgk":17.499286625588972,"acontb":0.0026160585394330647,"atp":-12.669965042328077,"ac":-14.93676440291646,"aconta":0.002188708959673166,"dg_pfl":-7.7814238566484715,"dg_aconta":-20.795093306619417,"g3p":-12.647253162673845,"ldh":7.595563723076616e-14,"v_icdh":4.374821655592665,"pfl":0.008772517602588235,"pfk":0.00046196287720354,"formate":-5.536912941355855,"acon":-5.834334283462197,"pgi":0.0013498974427330317,"gludy":0.00031915244143129355,"pg2":-13.54897101826124,"pg3":-13.306878844990838,"dg_act":-50.30079905988371,"v_acald":8.749643312834511,"v_pfk":8.749643312794388,"dg_ppc":-30.157399681104536,"v_ptar":1.4526197770377717e-9,"acald":0.0009562634200227108,"pdh":2.6765257810468333e-14,"dg_ptar":-13.945167546628834,"pgm":0.0007446552304078139,"f6p":-12.426624120738673}