{"dg_pgm":-2.4615152593387037,"cs":0.0017766055860256608,"dg_acontb":-21.070002613180932,"etoh":-10.827113220571217,"v_fba":8.389530010514525,"v_fort":12.584295023639656,"dg_etoht":-3.4081418936521257,"icdh":0.0048469949893166706,"v_gapd":16.77906002102905,"dg_pgk":-3.8820102113216426,"dg_lact":-0.8828390906092103,"v_nh4t":8.389529994779547,"v_cs":4.194764997389742,"accoa":-3.8874682697682403,"pgk":0.0020931860468731966,"dhap":-5.256683586618602,"eno":0.003540403576042523,"nad":-10.706922579829424,"alcd":0.005624255762101545,"fdp":-2.3025850931658525,"icit":-15.178429992609775,"dg_eno":-4.79825013579541,"dg_pdh":-30.733742905650764,"cit":-2.3026186444730015,"glu":-20.72326520150115,"v_pgm":16.77906002102905,"v_ldh":3.9960449143218185e-12,"v_pfl":12.584295023639656,"dg_alcd":-5.613080636410314,"dg_pyk":-4.399198034171459,"acetald":-15.384321381997943,"v_ppc":4.194764997389742,"dg_gludy":-17.311056344148668,"v_aconta":4.194764997389742,"tpi":0.0005084358153271893,"v_alcd":8.389530010511272,"dg_pts":-4.84836017564177,"adp":-13.521577094967212,"dg_tpi":-2.6703737607453415,"dg_gapd":-4.386296307269829,"dg_icdh":-22.016097614782588,"act":2.2185535696984917e-12,"dg_nh4t":-20.284386391053243,"fort":0.002075153772214345,"v_ackr":1.573313487758102e-8,"glns":1.5595325049177305e-14,"v_glns":4.194764997389774,"etoht":0.0015873924959255766,"dg_pfk":-2.8818609728777225,"g6p":-8.79984626313183,"v_pgi":8.389530010514525,"fba":0.000901155861675545,"lac":-2.6354639429423483,"dg_acald":-2.8105876133045684,"dg_pgi":-4.77258363934792,"ptar":6.620124760966332e-13,"dg_cs":-27.079999358186765,"dg_ldh":-0.3584341632452317,"pep":-15.238156658344462,"ppc":0.0025093363629527326,"v_acontb":4.194764997389734,"dg_glns":-5.465304859795391,"pyr":-10.21999877554148,"v_etoht":8.389530010511272,"v_gludy":4.194764997389774,"nh4":-12.78776268379345,"gapd":0.0027981267283348227,"dg_fort":-3.8670726172999617,"v_pyk":12.584295023639308,"v_lact":3.996088415415535e-12,"pts":0.0013190136556242697,"dg_fba":-3.624641229102522,"v_burn":16.779060052497194,"pyk":0.0017982267066838206,"v_eno":16.77906002102905,"v_pts":8.389530010514525,"lact":4.2469518178724396e-15,"dpg13":-16.79012338188244,"akg":-20.205827149388448,"actp":-11.195515631880529,"v_act":1.5733134564761185e-8,"v_tpi":8.389530010514525,"dg_ackr":-13.879932001655792,"oaa":-13.238621149927974,"ackr":5.876860636521136e-13,"nh4t":0.001358925137998926,"gln":-18.295121003099897,"v_pdh":-4.682975134039702e-12,"nadh":-12.316360492263524,"mu":4.194764997389774,"v_pgk":16.77906002102905,"acontb":0.0025083847968414173,"atp":-9.503393893710676,"ac":-14.277798154079655,"aconta":0.00209862385127628,"dg_pfl":-6.376924923788234,"dg_aconta":-20.988723946153975,"g3p":-8.794596597843663,"ldh":2.5139265351253212e-14,"v_icdh":4.194764997389734,"pfl":0.008666730390215384,"pfk":0.00041943506906964406,"formate":-6.036813298640534,"acon":-5.91247698650435,"pgi":0.0012632827977810588,"gludy":0.00030601357870724364,"pg2":-15.037165721542536,"pg3":-15.19387799585856,"dg_act":-51.93435541914927,"v_acald":8.389530010511272,"v_pfk":8.389530010514525,"dg_ppc":-28.035179944091436,"v_ptar":1.5733135224519585e-8,"acald":0.001108970288093059,"pdh":-6.3700883316878e-16,"dg_ptar":-2.3823128657140025,"pgm":0.0008913468274064697,"f6p":-11.088130435778751}