{"dg_pgm":-2.520413149799476,"cs":0.001782656283336376,"dg_acontb":-21.325751236293627,"etoh":-10.797734937662886,"v_fba":8.418094078820198,"v_fort":12.627150649607424,"dg_etoht":-3.480969722018025,"icdh":0.004863503131907147,"v_gapd":16.836188157640397,"dg_pgk":-3.959996789950285,"dg_lact":0.9919749420062044,"v_nh4t":8.418102257438646,"v_cs":4.209051128719318,"accoa":-3.795918543012849,"pgk":0.002079959670471595,"dhap":-5.259289027947821,"eno":0.003530205096411117,"nad":-10.644712603976066,"alcd":0.0056200562369586185,"fdp":-2.3025930423778527,"icit":-15.150071022672437,"dg_eno":-4.883513590922332,"dg_pdh":-30.903683562912153,"cit":-2.3212175396263404,"glu":-20.71774736345288,"v_pgm":16.8361881576404,"v_ldh":-1.3672380217802415e-5,"v_pfl":12.627150649607424,"dg_alcd":-5.702560577777855,"dg_pyk":-4.733003290276134,"acetald":-15.31884745967404,"v_ppc":4.2090511287193175,"dg_gludy":-17.19696448463357,"v_aconta":4.209051128719322,"tpi":0.0005020221880524509,"v_alcd":8.418100940857117,"dg_pts":-4.567989298141826,"adp":-13.383550618457718,"dg_tpi":-2.7327914283766432,"dg_gapd":-4.468679874302758,"dg_icdh":-22.472302514700893,"act":-1.9294205246276958e-10,"dg_nh4t":-19.998895789684017,"fort":0.0020619037393670822,"v_ackr":-1.3682755980501434e-6,"glns":2.0515831066331263e-10,"v_glns":4.209051128719323,"etoht":0.001573791930434969,"dg_pfk":-2.67062263469229,"g6p":-8.774785527979603,"v_pgi":8.418094078820197,"fba":0.0008943960956779517,"lac":-3.3917520032420394,"dg_acald":-2.8752287026278114,"dg_pgi":-4.493915079541256,"ptar":-5.084570651798404e-11,"dg_cs":-27.372421869478732,"dg_ldh":-2.6301377121787155,"pep":-15.166093045142755,"ppc":0.00251788253114142,"v_acontb":4.209051128719321,"dg_glns":-5.144937661193275,"pyr":-10.059896068164848,"v_etoht":8.418100940857117,"v_gludy":4.209051128719321,"nh4":-12.672597590409698,"gapd":0.00278615274569864,"dg_fort":-3.9449208996664287,"v_pyk":12.627137028921084,"v_lact":-1.3672409468581504e-5,"pts":0.001353361032102432,"dg_fba":-3.6999568031641847,"v_burn":16.836178610746362,"pyk":0.0017530956486117755,"v_eno":16.8361881576404,"v_pts":8.418094078820197,"lact":1.3057387895703207e-8,"dpg13":-16.85114072059888,"akg":-20.361498335432564,"actp":-12.844802529762953,"v_act":-1.3682755706444296e-6,"v_tpi":8.418094078820198,"dg_ackr":-16.033329134212586,"oaa":-13.139258663309247,"ackr":-5.886144997684172e-11,"nh4t":0.001363553716324239,"gln":-18.267897992797373,"v_pdh":5.169404407827618e-8,"nadh":-12.254150516410142,"mu":4.209051128719323,"v_pgk":16.836188157640397,"acontb":0.002516928340396952,"atp":-9.588061429285522,"ac":-16.573057751404516,"aconta":0.002105771860775333,"dg_pfl":-6.469017298683222,"dg_aconta":-20.616568269915547,"g3p":-8.822380929430842,"ldh":-1.3623469391594874e-8,"v_icdh":4.20905112871932,"pfl":0.008672209659287174,"pfk":0.0004433475987330046,"formate":-6.005409796509466,"acon":-5.780950648106261,"pgi":0.0012972587728941381,"gludy":0.00030705616785259277,"pg2":-14.930707372665399,"pg3":-15.06366061245458,"dg_act":-46.244479924017625,"v_acald":8.418100940857117,"v_pfk":8.418094078820198,"dg_ppc":-27.967506905677283,"v_ptar":-1.3682752867228516e-6,"acald":0.0010958772491632912,"pdh":7.034083734010441e-12,"dg_ptar":-6.697791456065571,"pgm":0.0008790108557813805,"f6p":-10.950656575433149}