{"dg_pgm":-2.3643640697704975,"cs":0.0017651029256108852,"dg_acontb":-21.165970120588266,"etoh":-10.875915428735095,"v_fba":8.335136916964872,"v_fort":12.5026637628672,"dg_etoht":-3.2871627727441504,"icdh":0.0048156159550881645,"v_gapd":16.670273833929745,"dg_pgk":-3.7520541109766183,"dg_lact":0.9831170724253264,"v_nh4t":8.335210947418876,"v_cs":4.167605473709442,"accoa":-4.040004326755743,"pgk":0.0021157719481611848,"dhap":-5.2522112712560425,"eno":0.0035571688915379774,"nad":-10.708434521842872,"alcd":0.005629594268823822,"fdp":-2.3025857481403946,"icit":-15.160835369638637,"dg_eno":-4.655496689341383,"dg_pdh":-30.44910400861822,"cit":-2.3053560241548596,"glu":-20.72063676764572,"v_pgm":16.670273833929745,"v_ldh":4.538003669153905e-6,"v_pfl":12.5026637628672,"dg_alcd":-5.462837102187244,"dg_pyk":-4.018051659368498,"acetald":-15.493730876587785,"v_ppc":4.167605473709443,"dg_gludy":-17.303177870213407,"v_aconta":4.1676054737094415,"tpi":0.0005194844966656138,"v_alcd":8.33513467763781,"dg_pts":-5.310852664533764,"adp":-13.68250733608267,"dg_tpi":-2.5672463069604285,"dg_gapd":-4.248629007281062,"dg_icdh":-22.31732828133515,"act":-1.0763287913160532e-8,"dg_nh4t":-20.028134904954833,"fort":0.002097780744191383,"v_ackr":-7.632913465886528e-5,"glns":1.203029137375312e-10,"v_glns":4.167605473709438,"etoht":0.0016107586382844614,"dg_pfk":-3.2437317197857736,"g6p":-8.804206586787284,"v_pgi":8.335136916964872,"fba":0.0009127441029983693,"lac":-3.388178794973289,"dg_acald":-2.70367823762362,"dg_pgi":-5.232735172646737,"ptar":-3.191609244260428e-9,"dg_cs":-27.153995628335146,"dg_ldh":-1.5616193984352393,"pep":-15.32330803086142,"ppc":0.0024930895504444556,"v_acontb":4.16760547370944,"dg_glns":-9.82293078644825,"pyr":-10.487356353798624,"v_etoht":8.33513467763781,"v_gludy":4.167605473709438,"nh4":-12.684392463601572,"gapd":0.00281828867767059,"dg_fort":-3.7373641295107207,"v_pyk":12.5026683602203,"v_lact":4.538002016689444e-6,"pts":0.001271935856973616,"dg_fba":-3.499338696751866,"v_burn":16.67012347434107,"pyk":0.0018602197954992084,"v_eno":16.67027383392974,"v_pts":8.335136916964872,"lact":-7.655381090237679e-10,"dpg13":-16.688515993870684,"akg":-20.30974706201741,"actp":-16.1639488938578,"v_act":-7.63291326538888e-5,"v_tpi":8.335136916964872,"dg_ackr":-10.015507239080133,"oaa":-13.211508904715645,"ackr":-2.8572386128778025e-9,"nh4t":0.0013501298765472047,"gln":-19.611002711245003,"v_pdh":5.934913420443865e-8,"nadh":-12.31787243427697,"mu":4.167605473709438,"v_pgk":16.670273833929745,"acontb":0.0024921473912844386,"atp":-9.328365904898321,"ac":-18.02330526757772,"aconta":0.002085039475280301,"dg_pfl":-6.221994514544953,"dg_aconta":-20.842354051235848,"g3p":-8.748523323330058,"ldh":3.679434157834692e-9,"v_icdh":4.167605473709439,"pfl":0.00865362085839175,"pfk":0.00038660470252291064,"formate":-6.0891368779011845,"acon":-5.856169681226456,"pgi":0.001216762429083743,"gludy":0.0003040354893085921,"pg2":-15.179902926702958,"pg3":-15.375805373183338,"dg_act":-42.64936248555146,"v_acald":8.33513467763781,"v_pfk":8.335136916964872,"dg_ppc":-27.75688200853017,"v_ptar":-7.632913076444308e-5,"acald":0.0011315226871905287,"pdh":8.07501535932363e-12,"dg_ptar":-14.320768770955095,"pgm":0.0009125949880026627,"f6p":-11.278112962227839}