{"dg_pgm":-2.5735069673246613,"cs":0.0017890274256723163,"dg_acontb":-21.427668775345662,"etoh":-10.771390598125505,"v_fba":8.448187909491008,"v_fort":12.67228169470352,"dg_etoht":-3.5462765013225837,"icdh":0.0048808832233547235,"v_gapd":16.89637581898202,"dg_pgk":-4.029796376612059,"dg_lact":0.9677510047838422,"v_nh4t":8.4481880116313,"v_cs":4.224094005815638,"accoa":-3.713987569663419,"pgk":0.002070035947449655,"dhap":-5.477529513780077,"eno":0.003523906972874382,"nad":-11.12806063269876,"alcd":0.005620332507277955,"fdp":-2.7345224552648952,"icit":-15.15421345832741,"dg_eno":-4.959580296765153,"dg_pdh":-31.055221989254598,"cit":-2.3035530361005825,"glu":-20.723115747101925,"v_pgm":16.896375818982023,"v_ldh":1.7277279715353252e-7,"v_pfl":12.67228169470352,"dg_alcd":-5.782213355297119,"dg_pyk":-4.931191412386202,"acetald":-15.260371696134284,"v_ppc":4.224094005815636,"dg_gludy":-17.109412088910215,"v_aconta":4.224094005815642,"tpi":0.0004968283655884694,"v_alcd":8.448187795950238,"dg_pts":-4.511768236907644,"adp":-13.448018380159018,"dg_tpi":-2.7889922697762333,"dg_gapd":-4.542273864564173,"dg_icdh":-22.587624485469078,"act":-2.2755307368566678e-11,"dg_nh4t":-19.974165300700694,"fort":0.00205194746407542,"v_ackr":-1.6137163984601702e-7,"glns":-3.988020999149909e-13,"v_glns":4.22409400581565,"etoht":0.0015631749774380568,"dg_pfk":-2.6290250414107654,"g6p":-8.959091770194545,"v_pgi":8.448187909491008,"fba":0.000889201768272992,"lac":-3.3819802209873666,"dg_acald":-2.933373421283878,"dg_pgi":-4.438064140062562,"ptar":-6.775624767442432e-12,"dg_cs":-27.263010798195157,"dg_ldh":-2.9605564767786956,"pep":-15.23001789497124,"ppc":0.002526881318472986,"v_acontb":4.224094005815641,"dg_glns":-6.176820123643333,"pyr":-9.916835457141714,"v_etoht":8.448187795950238,"v_gludy":4.224094005815648,"nh4":-12.662621468395416,"gapd":0.0027778097787199583,"dg_fort":-4.014585766830916,"v_pyk":12.672281813166387,"v_lact":1.7277291989050096e-7,"pts":0.0013648969559862442,"dg_fba":-3.7674408139197615,"v_burn":16.89637555547011,"pyk":0.001733714692739071,"v_eno":16.896375818982023,"v_pts":8.448187909491008,"lact":-1.6622746469557679e-10,"dpg13":-17.12173961626064,"akg":-20.412160920854358,"actp":-15.123512741478498,"v_act":-1.6137163672306298e-7,"v_tpi":8.448187909491008,"dg_ackr":-10.703888536243593,"oaa":-13.16572989028095,"ackr":-6.048749222053116e-12,"nh4t":0.0013684254239183474,"gln":-18.966478368050808,"v_pdh":-5.430953914880779e-8,"nadh":-12.737498545132858,"mu":4.22409400581565,"v_pgk":16.89637581898202,"acontb":0.00252592190811987,"atp":-9.939462480176363,"ac":-16.41497222240107,"aconta":0.0021132959915153887,"dg_pfl":-6.550890857861123,"dg_aconta":-20.5687094390867,"g3p":-9.06329247734706,"ldh":1.5803856681974702e-10,"v_icdh":4.224094005815642,"pfl":0.008682842635363234,"pfk":0.00044988808265642246,"formate":-5.977307432039018,"acon":-5.743980196520544,"pgi":0.0013085500396172462,"gludy":0.0003081521043780883,"pg2":-14.963947397004821,"pg3":-15.075482928385872,"dg_act":-46.63636891934521,"v_acald":8.448187795950236,"v_pfk":8.448187909491008,"dg_ppc":-27.874660566576875,"v_ptar":-1.6137164159048244e-7,"acald":0.001085333570533667,"pdh":-7.388643775849798e-12,"dg_ptar":-12.549745826435933,"pgm":0.0008689489979309194,"f6p":-11.112432903774272}