{"dg_pgm":-2.3240471068713324,"cs":0.0017597498335023903,"dg_acontb":-21.162839446329254,"etoh":-10.89629489626438,"v_fba":8.309932355130158,"v_fort":12.464898542426585,"dg_etoht":-3.2366427213156057,"icdh":0.0048010108917899315,"v_gapd":16.619864710260316,"dg_pgk":-3.6976278238406706,"dg_lact":0.9819049334044232,"v_nh4t":8.309932360019257,"v_cs":4.1549661800095725,"accoa":-4.103882071095418,"pgk":0.0021254973112620505,"dhap":-5.250286552873994,"eno":0.003564200390022595,"nad":-11.08564080142224,"alcd":0.005631342972872922,"fdp":-2.3025850932424183,"icit":-15.12735647708686,"dg_eno":-4.595451258754806,"dg_pdh":-30.32935027756759,"cit":-2.302586725595452,"glu":-20.72326396588081,"v_pgm":16.619864710260316,"v_ldh":9.95884699223169e-10,"v_pfl":12.464898542426585,"dg_alcd":-5.399475505742074,"dg_pyk":-3.89513561708785,"acetald":-15.539670009256843,"v_ppc":4.1549661800095725,"dg_gludy":-17.34522454110864,"v_aconta":4.154966180009574,"tpi":0.0005242618795377853,"v_alcd":8.309932348046335,"dg_pts":-5.5029332225123895,"adp":-13.902941048444749,"dg_tpi":-2.524386815657006,"dg_gapd":-4.190825665705599,"dg_icdh":-22.326287522965714,"act":1.6904543972820158e-13,"dg_nh4t":-20.06663484241334,"fort":0.002107531784800299,"v_ackr":1.1988837418350349e-9,"glns":-5.772377471169508e-14,"v_glns":4.1549661800096285,"etoht":0.0016208542769946832,"dg_pfk":-3.39871901633377,"g6p":-8.797903501182498,"v_pgi":8.309932355130158,"fba":0.0009177455960734425,"lac":-3.387689825799289,"dg_acald":-2.6592089901884655,"dg_pgi":-5.423993150123895,"ptar":5.1556375103472234e-14,"dg_cs":-27.1110644881852,"dg_ldh":-1.2823026330548244,"pep":-15.351706507482568,"ppc":0.002485528655220079,"v_acontb":4.154966180009632,"dg_glns":-7.594723438826928,"pyr":-10.599541991825017,"v_etoht":8.309932348046335,"v_gludy":4.1549661800096285,"nh4":-12.699923093581727,"gapd":0.0028268902096177614,"dg_fort":-3.683058399232146,"v_pyk":12.464898530250746,"v_lact":9.95892443498539e-10,"pts":0.0012551376044768275,"dg_fba":-3.446938197689817,"v_burn":16.61986470657016,"pyk":0.0018826990667375318,"v_eno":16.619864710260316,"v_pts":8.309932355130158,"lact":-9.41222552079203e-13,"dpg13":-16.645984528740506,"akg":-20.27988227057468,"actp":-14.971069870991442,"v_act":1.1988837191125092e-9,"v_tpi":8.309932355130158,"dg_ackr":-9.65810146342771,"oaa":-13.22605775512761,"ackr":4.534976036013002e-14,"nh4t":0.001346034924022209,"gln":-18.596945151499835,"v_pdh":-1.3171747409464848e-8,"nadh":-12.695078713856343,"mu":4.1549661800096285,"v_pgk":16.619864710260316,"acontb":0.0024845888124088653,"atp":-9.41542890592489,"ac":-16.819621738608905,"aconta":0.002078715570105156,"dg_pfl":-6.156546513772863,"dg_aconta":-20.769356619320604,"g3p":-8.729309358665766,"ldh":1.790434571027192e-12,"v_icdh":4.154966180009632,"pfl":0.008646870631349947,"pfk":0.0003749865941707724,"formate":-6.111043464208438,"acon":-5.823953682765285,"pgi":0.0012001865357156446,"gludy":0.0003031131093835258,"pg2":-15.232523348241402,"pg3":-15.444689401211674,"dg_act":-45.63325564663683,"v_acald":8.309932348046335,"v_pfk":8.309932355130158,"dg_ppc":-27.722549225921952,"v_ptar":1.1988836562883087e-9,"acald":0.0011412747763907586,"pdh":-1.7919753834658753e-12,"dg_ptar":-11.205308741335454,"pgm":0.0009217786743451743,"f6p":-11.348962128679357}