{"dg_pgm":-3.4501283823335327,"cs":0.0018528653328173871,"dg_acontb":-21.080882348373272,"etoh":-10.352575596703518,"v_fba":8.749646762071878,"v_fort":13.124470140905636,"dg_etoht":-4.584505561060272,"icdh":0.005055049735392368,"v_gapd":17.499293524143756,"dg_pgk":-5.123035432593316,"dg_lact":-0.5988792302182123,"v_nh4t":8.74964678941256,"v_cs":4.3748233947062785,"accoa":-2.4270415209428124,"pgk":0.001949131573406624,"dhap":-9.047995107925999,"eno":0.003441395093395708,"nad":-10.655454672182044,"alcd":0.005605204309020954,"fdp":-9.872803145241004,"icit":-14.975075609791682,"dg_eno":-6.125970247547645,"dg_pdh":-33.377485655408314,"cit":-2.302585226820625,"glu":-20.060508573353136,"v_pgm":17.49929352414376,"v_ldh":5.784154252701752e-10,"v_pfl":13.124470140905636,"dg_alcd":-6.988674672577881,"dg_pyk":-16.165577321409643,"acetald":-14.354877870253095,"v_ppc":4.374823394706278,"dg_gludy":-17.408786805199355,"v_aconta":4.374823394706279,"tpi":0.0005104122329421317,"v_alcd":8.749646755754236,"dg_pts":-4.555200021258853,"adp":-10.331476647452904,"dg_tpi":-2.822443070493384,"dg_gapd":-4.5858213554109195,"dg_icdh":-22.321086671291724,"act":-3.0447480795735996e-12,"dg_nh4t":-18.742823327797026,"fort":0.0019306766985085024,"v_ackr":-2.1592153169126402e-8,"glns":1.4960702927634794e-12,"v_glns":4.37482339470628,"etoht":0.001434272080616434,"dg_pfk":-2.661137613434753,"g6p":-10.255873023691235,"v_pgi":8.749646762071878,"fba":0.0009159726730211596,"lac":-2.7500115451482534,"dg_acald":-3.8789813419858006,"dg_pgi":-4.48120918332436,"ptar":-9.063012066772148e-13,"dg_cs":-28.44983762973829,"dg_ldh":-6.906488205650742,"pep":-14.285546596597106,"ppc":0.0026170482164613123,"v_acontb":4.374823394706329,"dg_glns":0.9999338499984722,"pyr":-7.693103010929854,"v_etoht":8.749646755754236,"v_gludy":4.37482339470628,"nh4":-12.165905945654318,"gapd":0.0028661398127401154,"dg_fort":-5.106312915749807,"v_pyk":13.124470129437423,"v_lact":5.784154832989668e-10,"pts":0.0014082196287971156,"dg_fba":-3.8074621156095136,"v_burn":17.499293475210866,"pyk":0.0015871123873815352,"v_eno":17.49929352414376,"v_pts":8.749646762071878,"lact":8.713957921617953e-13,"dpg13":-20.72326583165229,"akg":-20.125503412782315,"actp":-14.124689925526154,"v_act":-2.159215274800044e-8,"v_tpi":8.749646762071878,"dg_ackr":-24.05330316477736,"oaa":-12.686003683248213,"ackr":-8.044794703402278e-13,"nh4t":0.0014172870285960133,"gln":-20.723239742864237,"v_pdh":-1.2057101821727152e-8,"nadh":-12.264892584616144,"mu":4.37482339470628,"v_pgk":17.49929352414376,"acontb":0.00261605638681558,"atp":-12.634061740446947,"ac":-14.990077396269184,"aconta":0.0021887085544266467,"dg_pfl":-7.781427375095945,"dg_aconta":-20.473818009005544,"g3p":-12.647251911815136,"ldh":3.753262363885015e-13,"v_icdh":4.374823394706329,"pfl":0.00877252062861202,"pfk":0.000461962780342233,"formate":-5.5369116415933055,"acon":-5.704733787685286,"pgi":0.0013498976005948758,"gludy":0.0003191471003831748,"pg2":-13.548961808634813,"pg3":-13.30687383494248,"dg_act":-50.168637846048306,"v_acald":8.749646755754236,"v_pfk":8.749646762071878,"dg_ppc":-29.026748857499662,"v_ptar":-2.1592153653566997e-8,"acald":0.0009562634507857521,"pdh":-1.6403205837321678e-12,"dg_ptar":-13.263994150946568,"pgm":0.0007446567971774247,"f6p":-12.426618593397615}