{"dg_pgm":-2.287959536847438,"cs":0.0017546879730928266,"dg_acontb":-21.196865109268888,"etoh":-10.91460343600439,"v_fba":8.286029061384005,"v_fort":12.429043583734655,"dg_etoht":-3.191256433969393,"icdh":0.004787199729361519,"v_gapd":16.57205812276801,"dg_pgk":-3.6486586457646286,"dg_lact":0.919011072120036,"v_nh4t":8.286029051682641,"v_cs":4.143014525841317,"accoa":-4.16136409006271,"pgk":0.0021344000135731294,"dhap":-5.2485293416172105,"eno":0.0035705567271209497,"nad":-11.074543078485416,"alcd":0.005632700153781979,"fdp":-2.3025850979882874,"icit":-15.104114464420816,"dg_eno":-4.541290880661174,"dg_pdh":-30.221283687293727,"cit":-2.3026439027696135,"glu":-20.72306208547598,"v_pgm":16.57205812276801,"v_ldh":1.1390882728392486e-8,"v_pfl":12.429043583734655,"dg_alcd":-5.342227420483602,"dg_pyk":-3.796409532637257,"acetald":-15.581072062594899,"v_ppc":4.143014525841317,"dg_gludy":-17.41767030185458,"v_aconta":4.143014525841317,"tpi":0.0005286407438840266,"v_alcd":8.28602905658914,"dg_pts":-5.675031344402748,"adp":-13.957901963881108,"dg_tpi":-2.485992111807347,"dg_gapd":-4.1387412463292055,"dg_icdh":-22.430800923835555,"act":4.378956626300841e-13,"dg_nh4t":-19.946791435420867,"fort":0.0021164546016131944,"v_ackr":3.1053529081114976e-9,"glns":1.2377994504892762e-12,"v_glns":4.143014525841321,"etoht":0.001630109777649136,"dg_pfk":-3.539809078127259,"g6p":-8.789494220595598,"v_pgi":8.286029061384005,"fba":0.0009223284825157111,"lac":-3.362318842049412,"dg_acald":-2.619347267138499,"dg_pgi":-5.595419984335356,"ptar":1.3070191942513552e-13,"dg_cs":-27.077728817999514,"dg_ldh":-0.9688460858419485,"pep":-15.374949333134646,"ppc":0.002478379106381972,"v_acontb":4.143014525841301,"dg_glns":-10.560988370164019,"pyr":-10.700617386198928,"v_etoht":8.28602905658914,"v_gludy":4.143014525841321,"nh4":-12.65157902519026,"gapd":0.0028347307451309007,"dg_fort":-3.6341920586734098,"v_pyk":12.429043596926691,"v_lact":1.139136241230878e-8,"pts":0.0012411885600793794,"dg_fba":-3.399831340510662,"v_burn":16.57205813557473,"pyk":0.0019016134942655286,"v_eno":16.57205812276801,"v_pts":8.286029061384005,"lact":-1.1284558181271106e-11,"dpg13":-16.607728614459408,"akg":-20.298800299301615,"actp":-14.975258227103867,"v_act":3.105352928760414e-9,"v_tpi":8.286029061384005,"dg_ackr":-9.505914259925715,"oaa":-13.239562329699556,"ackr":1.1681228179484594e-13,"nh4t":0.0013421637343220458,"gln":-19.627313572407594,"v_pdh":1.8011537372907875e-9,"nadh":-12.683980990919515,"mu":4.143014525841321,"v_pgk":16.57205812276801,"acontb":0.002477441778254681,"atp":-9.352731777893016,"ac":-16.880076787934737,"aconta":0.0020727373338666295,"dg_pfl":-6.097346264057764,"dg_aconta":-20.677573006263827,"g3p":-8.712063967997537,"ldh":2.6332965716794265e-11,"v_icdh":4.143014525841301,"pfl":0.008640152416839991,"pfk":0.00036543316151059745,"formate":-6.130755835287481,"acon":-5.786985934011635,"pgi":0.0011864359152644166,"gludy":0.00030223658842432586,"pg2":-15.277614126053509,"pg3":-15.504337675319148,"dg_act":-45.48338950334005,"v_acald":8.28602905658914,"v_pfk":8.286029061384005,"dg_ppc":-27.698408411414146,"v_ptar":3.1053529597270364e-9,"acald":0.0011502155732991833,"pdh":2.4504879454530857e-13,"dg_ptar":-11.073195447189057,"pgm":0.0009301934713660091,"f6p":-11.409705343045912}