{"dg_pgm":-2.63827175556703,"cs":0.001797514118186024,"dg_acontb":-20.850561909118646,"etoh":-10.739400816731354,"v_fba":8.488264130156042,"v_fort":12.732396195217925,"dg_etoht":-3.625578151323891,"icdh":0.004904044394831678,"v_gapd":16.976528260312083,"dg_pgk":-4.114311784300934,"dg_lact":-0.3123825274131019,"v_nh4t":8.488264130249291,"v_cs":4.244132065124646,"accoa":-3.614696542699099,"pgk":0.0020598365108138823,"dhap":-5.9146126683529845,"eno":0.0035188774253175647,"nad":-10.706487660403257,"alcd":0.005624252567732846,"fdp":-3.603309680673251,"icit":-15.209621396058786,"dg_eno":-5.051384762924322,"dg_pdh":-31.23819684640552,"cit":-2.5614757726604633,"glu":-20.72326538767625,"v_pgm":16.976528260312083,"v_ldh":7.364555129745003e-12,"v_pfl":12.732396195217925,"dg_alcd":-5.878220876396886,"dg_pyk":-5.02292394148271,"acetald":-15.189653091164262,"v_ppc":4.244132065124646,"dg_gludy":-17.737411036197923,"v_aconta":4.244132065124646,"tpi":0.0004910761805047606,"v_alcd":8.488264130133434,"dg_pts":-4.6004713626333755,"adp":-13.10717029290585,"dg_tpi":-2.857462501438022,"dg_gapd":-4.631210746280346,"dg_icdh":-21.8051738555516,"act":-1.1000077907918017e-14,"dg_nh4t":-19.99163342327344,"fort":0.0020416862929253086,"v_ackr":-7.800863988097883e-11,"glns":1.9487442442478396e-14,"v_glns":4.244132065124646,"etoht":0.001551806674632866,"dg_pfk":-2.6947728406758817,"g6p":-9.361838949652933,"v_pgi":8.488264130156042,"fba":0.000883731420469184,"lac":-2.8655824934542395,"dg_acald":-3.0042035460904106,"dg_pgi":-4.526187939163826,"ptar":-3.272045319607649e-15,"dg_cs":-26.7985100309794,"dg_ldh":-2.109537097640279,"pep":-15.423880876557961,"ppc":0.0025388678958814252,"v_acontb":4.2441320651246475,"dg_glns":-3.910933441342312,"pyr":-9.743733536194895,"v_etoht":8.488264130133434,"v_gludy":4.244132065124646,"nh4":-12.669667997975306,"gapd":0.0027699203238411327,"dg_fort":-4.099001226232595,"v_pyk":12.732396195187437,"v_lact":7.364686827464638e-12,"pts":0.0013608660315458676,"dg_fba":-3.849245622977373,"v_burn":16.976528260140825,"pyk":0.001731074888179937,"v_eno":16.976528260312083,"v_pts":8.488264130156042,"lact":2.1098263479975277e-14,"dpg13":-17.622319799543067,"akg":-20.15193324946079,"actp":-15.797366039163581,"v_act":-7.800855559438562e-11,"v_tpi":8.488264130156042,"dg_ackr":-11.509274374297988,"oaa":-13.611029282943228,"ackr":-2.915349523558342e-15,"nh4t":0.001374921901569784,"gln":-18.46359947905995,"v_pdh":-3.785258236697054e-11,"nadh":-12.315925572837356,"mu":4.244132065124646,"v_pgk":16.976528260312083,"acontb":0.00253790896435548,"atp":-10.002583614439777,"ac":-17.00974382483013,"aconta":0.002123322753655477,"dg_pfl":-6.6494502556103505,"dg_aconta":-20.643788564051334,"g3p":-9.527996088024365,"ldh":8.596250008447485e-15,"v_icdh":4.2441320651246475,"pfl":0.008700685942160034,"pfk":0.0004442356830458399,"formate":-5.94325477244742,"acon":-6.032189374722472,"pgi":0.0013043204462025802,"gludy":0.00030961348690275464,"pg2":-15.120777040654815,"pg3":-15.206186868246881,"dg_act":-45.16194904552981,"v_acald":8.488264130133434,"v_pfk":8.488264130156042,"dg_ppc":-28.49796342766939,"v_ptar":-7.800864163471721e-11,"acald":0.0010737053716722413,"pdh":-5.149603193084643e-15,"dg_ptar":-14.466346001923672,"pgm":0.0008577308255525983,"f6p":-11.550728663480674}