{"dg_pgm":-2.7499831522108478,"cs":0.0018110604306613247,"dg_acontb":-21.16659147500821,"etoh":-10.684692933124019,"v_fba":8.552230762061184,"v_fort":12.82834614302264,"dg_etoht":-3.76119725370808,"icdh":0.004940996593122186,"v_gapd":17.104461524122367,"dg_pgk":-4.258525440579163,"dg_lact":-0.2610827432218618,"v_nh4t":8.552230761173355,"v_cs":4.276115380586669,"accoa":-3.445358214123537,"pgk":0.0020435301582884483,"dhap":-6.6599087346641115,"eno":0.003510979051612778,"nad":-10.704485981879246,"alcd":0.005630776171408944,"fdp":-5.085055695192706,"icit":-15.157877897961772,"dg_eno":-5.207313402580181,"dg_pdh":-31.548617869431858,"cit":-2.3025924696300697,"glu":-20.723149110677884,"v_pgm":17.104461524122367,"v_ldh":1.039838181487764e-10,"v_pfl":12.82834614302264,"dg_alcd":-6.04068992923285,"dg_pyk":-5.178469493754098,"acetald":-15.069406224654912,"v_ppc":4.276115380586669,"dg_gludy":-17.21851290175589,"v_aconta":4.276115380586669,"tpi":0.0004817687466198682,"v_alcd":8.552230762213727,"dg_pts":-4.751435335184136,"adp":-12.81264893163515,"dg_tpi":-2.975349885739457,"dg_gapd":-4.782549942406929,"dg_icdh":-22.244284724953754,"act":8.902447469889173e-14,"dg_nh4t":-20.19940292638055,"fort":0.0020253070701311427,"v_ackr":6.313173234160945e-10,"glns":3.11099879228518e-13,"v_glns":4.276115380586678,"etoht":0.0015335702716715483,"dg_pfk":-2.808125936014264,"g6p":-10.048663669689297,"v_pgi":8.552230762061184,"fba":0.0008749620809155516,"lac":-2.886276500222294,"dg_acald":-3.1258997182167705,"dg_pgi":-4.676221231984784,"ptar":2.6478186813293994e-14,"dg_cs":-26.45476772361804,"dg_ldh":-2.8910422322043665,"pep":-15.75524749438468,"ppc":0.0025580010936171915,"v_acontb":4.276115380586676,"dg_glns":-7.597812370668746,"pyr":-9.449173340651905,"v_etoht":8.552230762213727,"v_gludy":4.276115380586678,"nh4":-12.753480894487023,"gapd":0.002757391489612162,"dg_fort":-4.242928206739136,"v_pyk":12.828346143535697,"v_lact":1.0397595639622018e-10,"pts":0.001354461477314232,"dg_fba":-3.9890622525279342,"v_burn":17.10446152564152,"pyk":0.0017269549089750159,"v_eno":17.104461524122367,"v_pts":8.552230762061184,"lact":3.559987344867942e-13,"dpg13":-18.476220156600284,"akg":-20.27732428412242,"actp":-15.95504043526452,"v_act":6.313175272947164e-10,"v_tpi":8.552230762061184,"dg_ackr":-12.291454785090869,"oaa":-13.490809441117356,"ackr":2.3571793989631155e-14,"nh4t":0.001385280601227438,"gln":-20.723232516885933,"v_pdh":4.0906997096233384e-10,"nadh":-12.313923894313346,"mu":4.276115380586678,"v_pgk":17.104461524122367,"acontb":0.002557032954845562,"atp":-10.396735153334102,"ac":-16.794271925214233,"aconta":0.0021393254982702468,"dg_pfl":-6.815944298130145,"dg_aconta":-20.841251982367325,"g3p":-10.320847175610194,"ldh":9.628937312882214e-14,"v_icdh":4.276115380586676,"pfl":0.008729504169995999,"pfk":0.0004350757687821922,"formate":-5.885195543628744,"acon":-5.852961559127286,"pgi":0.0012975925390008932,"gludy":0.00031194719609172253,"pg2":-15.389243036671067,"pg3":-15.4295891971413,"dg_act":-45.69609702728442,"v_acald":8.552230762213727,"v_pfk":8.552230762061184,"dg_ppc":-27.3784949659297,"v_ptar":6.313173338822908e-10,"acald":0.0010549400687271408,"pdh":5.565466981640729e-14,"dg_ptar":-15.277000139216755,"pgm":0.0008395417579172028,"f6p":-12.298075859898146}