{"dg_pgm":-2.3643616804933827,"cs":0.0017650903464287756,"dg_acontb":-20.734582095495362,"etoh":-10.875914896655052,"v_fba":8.33515165928437,"v_fort":12.502727488920637,"dg_etoht":-3.2871640917536373,"icdh":0.004815585171713503,"v_gapd":16.67030331856874,"dg_pgk":-3.752050866374894,"dg_lact":0.6547773096835523,"v_nh4t":8.33515165931973,"v_cs":4.167575829659865,"accoa":-4.040002660013218,"pgk":0.002115776636988806,"dhap":-5.252210796272,"eno":0.0035571762459362093,"nad":-10.70820429313292,"alcd":0.005629605270611668,"fdp":-2.3025850930810012,"icit":-14.82154425302708,"dg_eno":-4.655493046452252,"dg_pdh":-30.449116354091597,"cit":-2.3025853844961452,"glu":-20.72326546774666,"v_pgm":16.67030331856874,"v_ldh":3.1000373111693603e-13,"v_pfl":12.502727488920637,"dg_alcd":-5.462838715022701,"dg_pyk":-4.018051497674245,"acetald":-15.493729693900171,"v_ppc":4.167575829659865,"dg_gludy":-18.31658528173084,"v_aconta":4.167575829659865,"tpi":0.0005194857733426125,"v_alcd":8.335151659278182,"dg_pts":-5.310851935557319,"adp":-13.690045697632627,"dg_tpi":-2.5672438539583955,"dg_gapd":-4.248625598940643,"dg_icdh":-21.90670620798581,"act":-4.156933457129248e-15,"dg_nh4t":-20.27295791081884,"fort":0.002097789794914494,"v_ackr":-2.9479736197766775e-11,"glns":1.576215315173124e-14,"v_glns":4.167575829659865,"etoht":0.0016107615374246827,"dg_pfk":-3.2437313122015787,"g6p":-8.804206357949253,"v_pgi":8.33515165928437,"fba":0.0009127461818907261,"lac":-3.2557286223357265,"dg_acald":-2.7036794375803344,"dg_pgi":-5.2327345236417235,"ptar":-1.236036550872582e-15,"dg_cs":-27.210075735634234,"dg_ldh":-1.2332961129684914,"pep":-15.323301449259874,"ppc":0.0024930718452561367,"v_acontb":4.1675758296598655,"dg_glns":-5.447613380752126,"pyr":-10.487349706970644,"v_etoht":8.335151659278182,"v_gludy":4.167575829659865,"nh4":-12.783152507531547,"gapd":0.002818294656756558,"dg_fort":-3.7373697706750866,"v_pyk":12.502727488908876,"v_lact":3.1213586818113295e-13,"pts":0.001271938159052348,"dg_fba":-3.49933551268057,"v_burn":16.6703033185039,"pyk":0.0018602286299028525,"v_eno":16.67030331856874,"v_pts":8.33515165928437,"lact":-4.043479563972725e-16,"dpg13":-16.68851315445836,"akg":-19.804813611837236,"actp":-17.032802145814788,"v_act":-2.9479610493858574e-11,"v_tpi":8.33515165928437,"dg_ackr":-10.720311050579863,"oaa":-13.186115906341458,"ackr":-1.103581079134713e-15,"nh4t":0.0013501171436470453,"gln":-17.947416232995746,"v_pdh":-1.2069122580166013e-11,"nadh":-12.317642205567022,"mu":4.167575829659865,"v_pgk":16.67030331856874,"acontb":0.0024921342025952453,"atp":-9.335904266448281,"ac":-19.17647189580454,"aconta":0.0020850295306338216,"dg_pfl":-6.222001218853937,"dg_aconta":-20.439518523726832,"g3p":-8.748521858820594,"ldh":5.823766782282343e-16,"v_icdh":4.1675758296598655,"pfl":0.008653663014844786,"pfk":0.0003866054156089389,"formate":-6.089134602291346,"acon":-5.690897751082631,"pgi":0.001216764627827257,"gludy":0.00030401397089604163,"pg2":-15.179897814619729,"pg3":-15.375801224919304,"dg_act":-39.79069911370511,"v_acald":8.335151659278182,"v_pfk":8.33515165928437,"dg_ppc":-27.6939498892735,"v_ptar":-2.947973692929943e-11,"acald":0.001131524644501282,"pdh":-1.6418713247379402e-15,"dg_ptar":-16.474632463103394,"pgm":0.000912597299199166,"f6p":-11.278112471585313}