{"dg_pgm":-2.324046959417246,"cs":0.0017597494455565145,"dg_acontb":-21.087792448239586,"etoh":-10.896294841382407,"v_fba":8.309932084122304,"v_fort":12.46489812766626,"dg_etoht":-3.2366428573662667,"icdh":0.004801011530340765,"v_gapd":16.619864168244607,"dg_pgk":-3.6976276260854237,"dg_lact":-0.09620463336859329,"v_nh4t":8.309932057340516,"v_cs":4.154966028670273,"accoa":-4.103881898905845,"pgk":0.002125497301670222,"dhap":-5.250286566261589,"eno":0.003564200338384841,"nad":-10.708089464884253,"alcd":0.005631342745473956,"fdp":-2.3025851298190485,"icit":-15.131829941934384,"dg_eno":-4.595451044816175,"dg_pdh":-30.329350601683032,"cit":-2.304870792688255,"glu":-20.72295673763858,"v_pgm":16.619864168244607,"v_ldh":1.6121363544958397e-10,"v_pfl":12.46489812766626,"dg_alcd":-5.399475679392692,"dg_pyk":-3.895135766845723,"acetald":-15.539669884325322,"v_ppc":4.154966028670273,"dg_gludy":-17.356731022346292,"v_aconta":4.154966028670272,"tpi":0.0005242618869621939,"v_alcd":8.309932089915126,"dg_pts":-5.502933314502104,"adp":-13.760449696876217,"dg_tpi":-2.5243866532554535,"dg_gapd":-4.190825453341869,"dg_icdh":-22.280706278927493,"act":2.9369968215382074e-12,"dg_nh4t":-20.08885841918998,"fort":0.0021075316710027,"v_ackr":2.0827714574659502e-8,"glns":8.06615758455181e-12,"v_glns":4.154966028670258,"etoht":0.001620854185531867,"dg_pfk":-3.3987190789134774,"g6p":-8.79790347787919,"v_pgi":8.309932084122304,"fba":0.0009177455943322968,"lac":-2.9527872814078036,"dg_acald":-2.65920910733969,"dg_pgi":-5.423993235984654,"ptar":8.835244296941225e-13,"dg_cs":-28.029474107212447,"dg_ldh":-0.20419381724977115,"pep":-15.351706144135502,"ppc":0.002485529079844191,"v_acontb":4.1549660286702705,"dg_glns":-9.926744389563432,"pyr":-10.599541688889323,"v_etoht":8.309932089915126,"v_gludy":4.154966028670258,"nh4":-12.708887943151304,"gapd":0.0028268901815549554,"dg_fort":-3.683058543742777,"v_pyk":12.464898139574332,"v_lact":1.6124349819278056e-10,"pts":0.0012551375577010734,"dg_fba":-3.446938010990813,"v_burn":16.61986421585409,"pyk":0.0018826989719950811,"v_eno":16.619864168244607,"v_pts":8.309932084122304,"lact":1.3418071531282671e-12,"dpg13":-16.64598439095017,"akg":-20.265968551392206,"actp":-14.128501865856148,"v_act":2.082771519692681e-8,"v_tpi":8.309932084122304,"dg_ackr":-11.461100540882905,"oaa":-12.857861221344105,"ackr":7.784948354842311e-13,"nh4t":0.0013460352199900357,"gln":-19.54632519688028,"v_pdh":1.1746859028629737e-8,"nadh":-12.317527377318353,"mu":4.154966028670258,"v_pgk":16.619864168244607,"acontb":0.002484589734405147,"atp":-9.272937554356359,"ac":-16.70437209747608,"aconta":0.0020787160468732553,"dg_pfl":-6.156546693377709,"dg_aconta":-20.84983106476663,"g3p":-8.729309306541607,"ldh":1.774564961163027e-12,"v_icdh":4.15496602867027,"pfl":0.00864687028935568,"pfk":0.00037498657796773525,"formate":-6.111043405913769,"acon":-5.85870062947776,"pgi":0.0012001864911223134,"gludy":0.00030311183010665535,"pg2":-15.232523071195821,"pg3":-15.444689183648133,"dg_act":-45.91895583918528,"v_acald":8.309932089915126,"v_pfk":8.309932084122304,"dg_ppc":-26.809802637253153,"v_ptar":2.082771493963822e-8,"acald":0.0011412747055349086,"pdh":1.5981726581404306e-12,"dg_ptar":-9.116609898184294,"pgm":0.0009217786888126323,"f6p":-11.348962140011734}