{"dg_pgm":-2.409822455658915,"cs":0.001770716769261091,"dg_acontb":-20.617072821906525,"etoh":-10.853024826170552,"v_fba":8.361720476275199,"v_fort":12.54258071467858,"dg_etoht":-3.343907848008224,"icdh":0.004830934639005845,"v_gapd":16.723440952550398,"dg_pgk":-3.8130699477453027,"dg_lact":-1.6089141627050851,"v_nh4t":8.361720476209367,"v_cs":4.180860238104684,"accoa":-3.96838397469122,"pgk":0.0021050708086471867,"dhap":-5.254332334695313,"eno":0.0035493158154453787,"nad":-10.70821339372602,"alcd":0.005627323823318438,"fdp":-2.302585095426034,"icit":-14.927056082427077,"dg_eno":-4.7226278613161385,"dg_pdh":-30.582990472637338,"cit":-2.302640429142391,"glu":-20.72325801313203,"v_pgm":16.723440952550398,"v_ldh":-4.017793902244956e-10,"v_pfl":12.54258071467858,"dg_alcd":-5.533564393191143,"dg_pyk":-4.177985884169981,"acetald":-15.442309334531087,"v_ppc":4.180860238104684,"dg_gludy":-18.09530783575101,"v_aconta":4.180860238104684,"tpi":0.0005142377998328287,"v_alcd":8.361720476560544,"dg_pts":-5.0943984513510365,"adp":-13.612835220503579,"dg_tpi":-2.615527572166164,"dg_gapd":-4.313326297579521,"dg_icdh":-21.753107393758704,"act":2.5703041486736476e-14,"dg_nh4t":-20.38625522410473,"fort":0.002087061570889683,"v_ackr":1.822626811477166e-10,"glns":3.465707532741976e-13,"v_glns":4.1808602381046835,"etoht":0.001599668715991408,"dg_pfk":-3.0723370290053236,"g6p":-8.806310362323156,"v_pgi":8.361720476275199,"fba":0.0009072476403254192,"lac":-2.342569875395122,"dg_acald":-2.7537504448058785,"dg_pgi":-5.017309422183296,"ptar":7.681212849626234e-15,"dg_cs":-27.01579070395745,"dg_ldh":0.718980799225819,"pep":-15.287098759362461,"ppc":0.002501018547969231,"v_acontb":4.180860238104684,"dg_glns":-6.869314654403551,"pyr":-10.361727053426764,"v_etoht":8.361720476560544,"v_gludy":4.1808602381046835,"nh4":-12.828855923343202,"gapd":0.0028087751802008958,"dg_fort":-3.79826678413536,"v_pyk":12.542580714445712,"v_lact":-4.0171197689109185e-10,"pts":0.0012926796710972018,"dg_fba":-3.558137677541942,"v_burn":16.72344095279849,"pyk":0.0018328021514093203,"v_eno":16.723440952550398,"v_pts":8.361720476275199,"lact":-2.334615433178583e-13,"dpg13":-16.736211888259195,"akg":-19.84836465619121,"actp":-14.589418583175075,"v_act":1.8226268158687724e-10,"v_tpi":8.361720476275199,"dg_ackr":-12.5762394439115,"oaa":-13.264544297461496,"ackr":6.8038862225314145e-15,"nh4t":0.0013544189841357428,"gln":-18.720553926774272,"v_pdh":1.68912238866977e-10,"nadh":-12.317651306160123,"mu":4.1808602381046835,"v_pgk":16.723440952550398,"acontb":0.002500077207587106,"atp":-9.412630267582,"ac":-17.3278215683935,"aconta":0.002091671027997986,"dg_pfl":-6.294978323939414,"dg_aconta":-20.818451810558045,"g3p":-8.770120742171,"ldh":1.2529555143565657e-12,"v_icdh":4.180860238104684,"pfl":0.0086603769866843,"pfk":0.0004010480405335163,"formate":-6.0645691342573445,"acon":-5.8438120742999775,"pgi":0.001237250891302357,"gludy":0.00030498538304035347,"pg2":-15.116613367263332,"pg3":-15.294178189910193,"dg_act":-44.37344444206041,"v_acald":8.361720476560544,"v_pfk":8.361720476275199,"dg_ppc":-27.978116690981615,"v_ptar":1.822626818449592e-10,"acald":0.0011208125921546236,"pdh":2.2982123158292084e-14,"dg_ptar":-10.595102813650005,"pgm":0.0009025058513753433,"f6p":-11.193315359748466}