{"dg_pgm":-2.892518895794623,"cs":0.001826557475850811,"dg_acontb":-21.185657138814825,"etoh":-10.61561222096899,"v_fba":8.625412735213514,"v_fort":12.938119052684742,"dg_etoht":-3.9324461406467326,"icdh":0.004983277421968043,"v_gapd":17.250825470427028,"dg_pgk":-4.439793785071347,"dg_lact":-1.300810494626561,"v_nh4t":8.625412816305213,"v_cs":4.312706408152811,"accoa":-3.2322902201949066,"pgk":0.0020248633539567146,"dhap":-6.092453779405339,"eno":0.0035021713223188857,"nad":-10.694558554805868,"alcd":0.005638611565333381,"fdp":-3.9396150378426604,"icit":-15.065001114971704,"dg_eno":-5.4020958845281095,"dg_pdh":-31.93641762673558,"cit":-2.302589137946975,"glu":-20.723182133214998,"v_pgm":17.250825470427028,"v_ldh":9.413451444772131e-9,"v_pfl":12.938119052684742,"dg_alcd":-6.242965752184443,"dg_pyk":-5.37292859642336,"acetald":-14.918728731632944,"v_ppc":4.312706408152811,"dg_gludy":-17.460465114043675,"v_aconta":4.312706408152811,"tpi":0.000470932127860413,"v_alcd":8.625412730594798,"dg_pts":-4.940521331354757,"adp":-12.56886337886632,"dg_tpi":-3.125376756895856,"dg_gapd":-4.972068048407319,"dg_icdh":-22.356072466877308,"act":-1.2111023269158511e-11,"dg_nh4t":-20.07598342321655,"fort":0.0020065403197640245,"v_ackr":-8.588685666630439e-8,"glns":3.0776657529793993e-12,"v_glns":4.312706408152606,"etoht":0.0015125397540611115,"dg_pfk":-2.9526586241155535,"g6p":-8.655747481221796,"v_pgi":8.625412735213514,"fba":0.0008648850931889993,"lac":-2.466856936110826,"dg_acald":-3.2805637843866933,"dg_pgi":-4.864234305424238,"ptar":-3.6105680931382195e-12,"dg_cs":-27.025633231160047,"dg_ldh":-2.767303014163562,"pep":-15.420628663772822,"ppc":0.0025798899556722325,"v_acontb":4.312706408152897,"dg_glns":-2.995530506767811,"pyr":-9.07966939033843,"v_etoht":8.625412730594798,"v_gludy":4.312706408152606,"nh4":-12.703694251637522,"gapd":0.0027431863151544827,"dg_fort":-4.423916522475765,"v_pyk":12.938119062274229,"v_lact":9.413455563989763e-9,"pts":0.0013471946502813753,"dg_fba":-4.1651945099410925,"v_burn":17.2508253034483,"pyk":0.001722339255489428,"v_eno":17.250825470427028,"v_pts":8.625412735213514,"lact":6.779929083086589e-12,"dpg13":-18.045735486229013,"akg":-20.2295419654546,"actp":-14.026821486527522,"v_act":-8.588685497164234e-8,"v_tpi":8.625412735213514,"dg_ackr":-15.834816129986308,"oaa":-13.260522593373388,"ackr":-3.1969524017323377e-12,"nh4t":0.0013971355944876246,"gln":-18.930276340247747,"v_pdh":1.7600512022330968e-10,"nadh":-12.303996467239967,"mu":4.312706408152606,"v_pgk":17.250825470427028,"acontb":0.0025789140860994347,"atp":-10.266278285872273,"ac":-16.18209372827301,"aconta":0.0021576321640221154,"dg_pfl":-7.022755739697242,"dg_aconta":-20.5919559884683,"g3p":-9.813912106273879,"ldh":8.932246485129086e-12,"v_icdh":4.312706408152897,"pfl":0.008762949815638748,"pfk":0.0004243877289691535,"formate":-5.812186007821924,"acon":-5.752393808581079,"pgi":0.001289946181401874,"gludy":0.0003146200035270628,"pg2":-14.976050191308927,"pg3":-14.958898339089355,"dg_act":-47.213667294930595,"v_acald":8.625412730594798,"v_pfk":8.625412735213514,"dg_ppc":-27.63713063109384,"v_ptar":-8.588685851472762e-8,"acald":0.0010331237258992929,"pdh":2.3969184456369027e-14,"dg_ptar":-11.025195506925943,"pgm":0.000818302186085511,"f6p":-10.981002949829916}