{"dg_pgm":-2.5822244245278694,"cs":0.0017901999269225235,"dg_acontb":-20.798548276789855,"etoh":-10.767058332882296,"v_fba":8.453723939643389,"v_fort":12.680585909447068,"dg_etoht":-3.5570160489861564,"icdh":0.0048840902389425175,"v_gapd":16.907447879286778,"dg_pgk":-4.04121209286936,"dg_lact":-0.4613687392683644,"v_nh4t":8.453723939740135,"v_cs":4.226861969870067,"accoa":-3.70052851479118,"pgk":0.002068630838001938,"dhap":-7.8392458423752975,"eno":0.003523211821356389,"nad":-10.705436583389833,"alcd":0.005620859345598406,"fdp":-7.457220095621487,"icit":-15.295726934495537,"dg_eno":-4.9719994860388885,"dg_pdh":-31.08006726868892,"cit":-2.683345115954542,"glu":-20.723265330821768,"v_pgm":16.907447879286778,"v_ldh":9.635946625347153e-12,"v_pfl":12.680585909447068,"dg_alcd":-5.795260518599608,"dg_pyk":-4.943690617509121,"acetald":-15.250776288171425,"v_ppc":4.226861969870067,"dg_gludy":-17.667907037981834,"v_aconta":4.226861969870067,"tpi":0.000496038530565466,"v_alcd":8.453723939618573,"dg_pts":-4.523759907527814,"adp":-12.734871172035463,"dg_tpi":-2.7982138701569057,"dg_gapd":-4.554297732240425,"dg_icdh":-21.749902013691766,"act":-1.1501781123974356e-14,"dg_nh4t":-19.90295623293299,"fort":0.002050523875305631,"v_ackr":-8.156652573967639e-11,"glns":1.8547086096059988e-14,"v_glns":4.226861969870067,"etoht":0.0015616013678348521,"dg_pfk":-2.637876154738236,"g6p":-12.467442933985804,"v_pgi":8.453723939643389,"fba":0.0008884486608721175,"lac":-2.805482402877134,"dg_acald":-2.9429512790116608,"dg_pgi":-4.449976045060106,"ptar":-3.421086538429301e-15,"dg_cs":-26.359096279825316,"dg_ldh":-1.5896465808546656,"pep":-16.407465119461218,"ppc":0.0025285374830065497,"v_acontb":4.226861969870067,"dg_glns":-3.338429346166675,"pyr":-9.89335397451712,"v_etoht":8.453723939618573,"v_gludy":4.226861969870067,"nh4":-12.63389618321998,"gapd":0.0027767213487135925,"dg_fort":-4.026029196910178,"v_pyk":12.68058590941671,"v_lact":9.63593036318755e-12,"pts":0.0013643409032160741,"dg_fba":-3.7784844976396386,"v_burn":16.907447879108464,"pyk":0.0017333389963999015,"v_eno":16.907447879286778,"v_pts":8.453723939643389,"lact":1.8770365229495287e-14,"dpg13":-19.49202623158692,"akg":-20.21574247832114,"actp":-15.963416551314419,"v_act":-8.156666547339473e-11,"v_tpi":8.453723939643389,"dg_ackr":-12.488263067920387,"oaa":-13.910155339568886,"ackr":-3.044441541799715e-15,"nh4t":0.0013693286471580177,"gln":-18.998884681028372,"v_pdh":-3.9995156959432924e-11,"nadh":-12.314874495823933,"mu":4.226861969870067,"v_pgk":16.907447879286778,"acontb":0.002527582892865358,"atp":-10.432286079041416,"ac":-16.76871056590258,"aconta":0.002114683525258861,"dg_pfl":-6.564292707216181,"dg_aconta":-20.60714486232189,"g3p":-11.42872874090299,"ldh":1.4263791760556822e-14,"v_icdh":4.226861969870067,"pfl":0.008685290551460818,"pfk":0.00044911230055758684,"formate":-5.972691225104751,"acon":-6.1392768817271675,"pgi":0.0013079667112651358,"gludy":0.0003083547187809729,"pg2":-16.13638479950556,"pg3":-16.244403764078243,"dg_act":-45.75946282352774,"v_acald":8.453723939618573,"v_pfk":8.453723939643389,"dg_ppc":-26.801213366769,"v_ptar":-8.156652755715448e-11,"acald":0.001083727849931295,"pdh":-5.44110023689727e-15,"dg_ptar":-14.665205209774284,"pgm":0.0008674095658642142,"f6p":-14.62558925430317}