{"dg_pgm":-2.8692712311831587,"cs":0.0018241567924486314,"dg_acontb":-20.994460791936742,"etoh":-10.626823516208864,"v_fba":8.61407565218533,"v_fort":12.921109715238318,"dg_etoht":-3.9046536965465655,"icdh":0.004976727280450959,"v_gapd":17.2281513043707,"dg_pgk":-4.410431462759946,"dg_lact":-1.7020184311541158,"v_nh4t":8.61407630181918,"v_cs":4.307038150909334,"accoa":-3.2668154230082234,"pgk":0.002027756488670463,"dhap":-6.221054805204735,"eno":0.0035035202686990864,"nad":-10.710982323401655,"alcd":0.005637367923233235,"fdp":-4.198478656791799,"icit":-15.076007515858814,"dg_eno":-5.370632081022344,"dg_pdh":-31.87378204261698,"cit":-2.302611732353512,"glu":-20.720441537512116,"v_pgm":17.228151304370815,"v_ldh":5.515339547262198e-6,"v_pfl":12.921109715238313,"dg_alcd":-6.210346636210621,"dg_pyk":-5.341514431053153,"acetald":-14.943098370857593,"v_ppc":4.307038150909276,"dg_gludy":-17.517350191486074,"v_aconta":4.307038150909435,"tpi":0.00047262484406810355,"v_alcd":8.614071855957528,"dg_pts":-4.909941315488766,"adp":-12.669892136209448,"dg_tpi":-3.1009366869333803,"dg_gapd":-4.941420687070576,"dg_icdh":-22.206719549283246,"act":-3.3404323841034185e-10,"dg_nh4t":-20.1343728963198,"fort":0.0020094478190644566,"v_ackr":-2.368744591830999e-6,"glns":8.686978656834401e-11,"v_glns":4.307038150909589,"etoht":0.0015158079864730036,"dg_pfk":-2.9290927453993763,"g6p":-8.936385936982862,"v_pgi":8.61407565218525,"fba":0.0008664496113110217,"lac":-2.305012205479056,"dg_acald":-3.255388465451324,"dg_pgi":-4.833821056666842,"ptar":-9.994856624606391e-11,"dg_cs":-26.938004891763168,"dg_ldh":-2.2178726145081513,"pep":-15.493092937542503,"ppc":0.0025764991616987532,"v_acontb":4.3070381509095155,"dg_glns":-3.3983525635465,"pyr":-9.139461389535075,"v_etoht":8.614071855957535,"v_gludy":4.307038150909584,"nh4":-12.727248193834962,"gapd":0.0027453784031790567,"dg_fort":-4.394598886232596,"v_pyk":12.921113153461697,"v_lact":5.515337626919241e-6,"pts":0.0013483163924046518,"dg_fba":-4.136635467396623,"v_burn":17.22814828599297,"pyk":0.0017230467646940013,"v_eno":17.22815130437089,"v_pts":8.61407565218524,"lact":3.1343670311188156e-9,"dpg13":-18.152114592499508,"akg":-20.180300349001165,"actp":-13.989923416837966,"v_act":-2.3687445422408927e-6,"v_tpi":8.614075652185345,"dg_ackr":-15.670031916529807,"oaa":-13.29589390273343,"ackr":-8.827608859781914e-11,"nh4t":0.0013952975234547882,"gln":-19.113585543220903,"v_pdh":-2.0771161194704935e-6,"nadh":-12.320420235835712,"mu":4.307038150909589,"v_pgk":17.228151304370755,"acontb":0.00257552404237325,"atp":-10.367307043215853,"ac":-16.078722754606932,"aconta":0.002154795806338464,"dg_pfl":-6.989437791821981,"dg_aconta":-20.8103808420521,"g3p":-9.932654163245518,"ldh":6.441812352954743e-9,"v_icdh":4.307038150909573,"pfl":0.008757731500165311,"pfk":0.00042605893224095223,"formate":-5.824012555874792,"acon":-5.840527600132694,"pgi":0.001291127394960149,"gludy":0.00031420447322856956,"pg2":-15.061206763359504,"pg3":-15.053432871230784,"dg_act":-47.46992064886756,"v_acald":8.614071855957489,"v_pfk":8.614075652185297,"dg_ppc":-27.54517835280594,"v_ptar":-2.3687446486220577e-6,"acald":0.001036527296224158,"pdh":-2.825790709389036e-10,"dg_ptar":-10.84813948743697,"pgm":0.0008216244495686886,"f6p":-11.24937289441597}