{"dg_pgm":-2.8369603577846294,"cs":0.0018207405246462316,"dg_acontb":-21.23628474194501,"etoh":-10.642442444291147,"v_fba":8.597939990168298,"v_fort":12.896909839006502,"dg_etoht":-3.865934870902933,"icdh":0.004967403737430902,"v_gapd":17.1958799803366,"dg_pgk":-4.369491573967964,"dg_lact":0.9829161613081572,"v_nh4t":8.597943441845965,"v_cs":4.298971720922792,"accoa":-3.314949316452234,"pgk":0.002031873516210396,"dhap":-6.400388659532754,"eno":0.003505450306609909,"nad":-10.75140815074303,"alcd":0.005635622821954877,"fdp":-4.5594918085277145,"icit":-15.076444016572994,"dg_eno":-5.326706033382716,"dg_pdh":-31.786324331145348,"cit":-2.302619448073118,"glu":-20.723123236990695,"v_pgm":17.19587998033668,"v_ldh":2.3402703812846339e-7,"v_pfl":12.896909839006518,"dg_alcd":-6.164767876857749,"dg_pyk":-5.297660026479247,"acetald":-14.977103480663432,"v_ppc":4.298971720922749,"dg_gludy":-17.480551960258733,"v_aconta":4.29897172092288,"tpi":0.00047502507665690485,"v_alcd":8.597938966341463,"dg_pts":-4.8672721423218,"adp":-12.684458513546824,"dg_tpi":-3.066949514404309,"dg_gapd":-4.898656257880419,"dg_icdh":-22.444300782459568,"act":-3.7535085695978126e-10,"dg_nh4t":-19.939155670654305,"fort":0.0020135889243252077,"v_ackr":-2.661880770870046e-6,"glns":5.981402550467619e-11,"v_glns":4.2989717209229825,"etoht":0.001520455662803125,"dg_pfk":-2.8963346058709862,"g6p":-9.327730360482892,"v_pgi":8.597939990168296,"fba":0.0008686742263688066,"lac":-3.3880977487060626,"dg_acald":-3.220363660460488,"dg_pgi":-4.791388938785686,"ptar":-1.1182125460040387e-10,"dg_cs":-26.811341580239304,"dg_ldh":-4.696027105511446,"pep":-15.594197303689217,"ppc":0.002571673869890089,"v_acontb":4.2989717209229505,"dg_glns":-3.4678162155548935,"pyr":-9.222875167712576,"v_etoht":8.59793896634146,"v_gludy":4.298971720922987,"nh4":-12.648498806233208,"gapd":0.0027485039900088312,"dg_fort":-4.3537170149878275,"v_pyk":12.89690825941406,"v_lact":2.340269518787118e-7,"pts":0.001349915619336839,"dg_fba":-4.096834016116109,"v_burn":17.195873866778633,"pyk":0.0017240584294034654,"v_eno":17.19587998033674,"v_pts":8.597939990168298,"lact":-2.252306841253079e-10,"dpg13":-18.300487338696662,"akg":-20.2765756085878,"actp":-14.266899210190797,"v_act":-2.6618807115670266e-6,"v_tpi":8.597939990168296,"dg_ackr":-14.652784721082833,"oaa":-13.3469967929701,"ackr":-9.923217642418917e-11,"nh4t":0.0013926817786553555,"gln":-19.065539050653133,"v_pdh":-1.8136233835670001e-6,"nadh":-12.360846063177227,"mu":4.298971720922977,"v_pgk":17.19587998033663,"acontb":0.0025706975878611693,"atp":-10.381873420552788,"ac":-15.945347497186035,"aconta":0.002150757326279341,"dg_pfl":-6.942861951594653,"dg_aconta":-20.569619836399294,"g3p":-10.098277808272757,"ldh":1.6591648656789887e-10,"v_icdh":4.298971720922995,"pfl":0.008750334896595475,"pfk":0.0004284275783027066,"formate":-5.840504042799488,"acon":-5.743413856980483,"pgi":0.0012928108308339831,"gludy":0.0003136135174916718,"pg2":-15.180030617833031,"pg3":-15.18529072659396,"dg_act":-47.8005536673464,"v_acald":8.597938966341419,"v_pfk":8.5979399901683,"dg_ppc":-27.421226285321907,"v_ptar":-2.6618808264683537e-6,"acald":0.0010413582670823268,"pdh":-2.467312689579587e-10,"dg_ptar":-11.415431274417475,"pgm":0.0008263323838916538,"f6p":-11.623600471355001}