{"dg_pgm":-2.938316403573951,"cs":0.00183115306078969,"dg_acontb":-21.20633367855482,"etoh":-10.593586957831382,"v_fba":8.64711463487285,"v_fort":12.970671934310925,"dg_etoht":-3.987046067010861,"icdh":0.004995815448747472,"v_gapd":17.2942292697457,"dg_pgk":-4.497415167595969,"dg_lact":-1.3027039362939217,"v_nh4t":8.647114666394524,"v_cs":4.323557333197153,"accoa":-3.164518555071156,"pgk":0.002019325596749588,"dhap":-5.8401057354392565,"eno":0.003499606760046752,"nad":-10.725204249874228,"alcd":0.005641014277217899,"fdp":-3.4317069540591008,"icit":-15.080726960840833,"dg_eno":-5.463747692338327,"dg_pdh":-32.059148649351044,"cit":-2.302716829749447,"glu":-20.72283423387415,"v_pgm":17.2942292697457,"v_ldh":5.009858193128476e-9,"v_pfl":12.970671934310925,"dg_alcd":-6.306829127787111,"dg_pyk":-5.434484190850065,"acetald":-14.870941388833836,"v_ppc":4.323557333197153,"dg_gludy":-17.44472836031443,"v_aconta":4.323557333197153,"tpi":0.0004676780672690186,"v_alcd":8.6471146309818,"dg_pts":-5.000480636281084,"adp":-12.783637676410954,"dg_tpi":-3.1734903792357847,"dg_gapd":-5.032156079917914,"dg_icdh":-22.382061245596855,"act":-4.602651550980038e-12,"dg_nh4t":-20.025885095397665,"fort":0.002000972034743881,"v_ackr":-3.264026443304247e-8,"glns":1.4773187881298517e-12,"v_glns":4.323557333197262,"etoht":0.0015062705639017943,"dg_pfk":-2.999074829697935,"g6p":-8.105057211267615,"v_pgi":8.64711463487285,"fba":0.0008618875662914393,"lac":-2.4660931337811087,"dg_acald":-3.3301042834284336,"dg_pgi":-4.923873777815751,"ptar":-1.3744839482433958e-12,"dg_cs":-27.1943075819488,"dg_ldh":-3.0561443961202124,"pep":-15.27851694906688,"ppc":0.0025863809522145877,"v_acontb":4.323557333197151,"dg_glns":-2.6961379649159625,"pyr":-8.962388811040952,"v_etoht":8.6471146309818,"v_gludy":4.323557333197262,"nh4":-12.683484904730967,"gapd":0.0027390006954263377,"dg_fort":-4.481453680784837,"v_pyk":12.970671936548545,"v_lact":5.009859953196637e-9,"pts":0.0013450523304130984,"dg_fba":-4.221270567774857,"v_burn":17.29422920558397,"pyk":0.0017209935559388157,"v_eno":17.2942292697457,"v_pts":8.64711463487285,"lact":3.59204855191664e-12,"dpg13":-17.837035301457625,"akg":-20.255751519417135,"actp":-13.952489814355644,"v_act":-3.264026378074246e-8,"v_tpi":8.64711463487285,"dg_ackr":-14.97322408647732,"oaa":-13.19260812453426,"ackr":-1.2164578631419542e-12,"nh4t":0.0014006509997594413,"gln":-18.78894604621733,"v_pdh":-2.7722363842514543e-9,"nadh":-12.334642162308326,"mu":4.323557333197262,"v_pgk":17.2942292697457,"acontb":0.0025854026478111265,"atp":-10.48105258341691,"ac":-15.760201303930929,"aconta":0.002163060766597174,"dg_pfl":-7.087949604003642,"dg_aconta":-20.6099467762483,"g3p":-9.58097279164331,"ldh":4.473695263789397e-12,"v_icdh":4.323557333197151,"pfl":0.00877296798138403,"pfk":0.000421173172949018,"formate":-5.788975883993259,"acon":-5.759778869784833,"pgi":0.0012876893329173615,"gludy":0.0003154117788299554,"pg2":-14.809068529327353,"pg3":-14.773442253659676,"dg_act":-48.25952518814821,"v_acald":8.6471146309818,"v_pfk":8.64711463487285,"dg_ppc":-27.82106324227033,"v_ptar":-3.264026516881857e-8,"acald":0.0010265819367622643,"pdh":-3.7714635996282197e-13,"dg_ptar":-11.008933458225856,"pgm":0.0008119105698023794,"f6p":-10.454370863838307}