{"dg_pgm":-2.9590766515845948,"cs":0.0018331797586989109,"dg_acontb":-21.139777556970138,"etoh":-10.583625348925102,"v_fba":8.656688285770489,"v_fort":12.985032428121606,"dg_etoht":-4.011740578461328,"icdh":0.0050013379091693845,"v_gapd":17.313376571540978,"dg_pgk":-4.5234390738879755,"dg_lact":-0.5596599602634085,"v_nh4t":8.6566882860284,"v_cs":4.328344143014189,"accoa":-3.1338906938859616,"pgk":0.002016885517627969,"dhap":-5.726115224457274,"eno":0.0034984857310931053,"nad":-10.708202994707976,"alcd":0.005642087140747047,"fdp":-3.2022964834863274,"icit":-15.190920077445394,"dg_eno":-5.491551708422472,"dg_pdh":-32.11451961202199,"cit":-2.3026372892368694,"glu":-20.723197290237202,"v_pgm":17.313376571540978,"v_ldh":6.099876898082851e-10,"v_pfl":12.985032428121606,"dg_alcd":-6.335618240102481,"dg_pyk":-5.462268335744516,"acetald":-14.8493664350667,"v_ppc":4.328344143014189,"dg_gludy":-17.786606641473604,"v_aconta":4.328344143014189,"tpi":0.0004662378102956831,"v_alcd":8.656688285363092,"dg_pts":-5.027538063795519,"adp":-12.664214655200368,"dg_tpi":-3.195286192408763,"dg_gapd":-5.059270344622689,"dg_icdh":-22.35393843172757,"act":-6.494064063395804e-14,"dg_nh4t":-19.43986440411072,"fort":0.0019985164669246527,"v_ackr":-4.604883451350647e-10,"glns":8.935218771412513e-13,"v_glns":4.3283441430142,"etoht":0.001503501341719037,"dg_pfk":-3.020111901773103,"g6p":-7.856302698798639,"v_pgi":8.656688285770489,"fba":0.000860565414513176,"lac":-2.7658323492837495,"dg_acald":-3.352546152809017,"dg_pgi":-4.95078996997713,"ptar":2.2595776579553952e-12,"dg_cs":-30.667588363986905,"dg_ldh":-3.9304848279680664,"pep":-15.214344846207272,"ppc":0.0025892481918508986,"v_acontb":4.328344143014198,"dg_glns":-8.076288518625308,"pyr":-8.909424655574396,"v_etoht":8.656688285363092,"v_gludy":4.3283441430142,"nh4":-12.44708788390719,"gapd":0.0027371614934606782,"dg_fort":-4.507450862870117,"v_pyk":12.985032428526786,"v_lact":6.099889391334052e-10,"pts":0.0013441107679636863,"dg_fba":-4.246609938556868,"v_burn":17.313376570822587,"pyk":0.0017204029606438084,"v_eno":17.313376571540978,"v_pts":8.656688285770489,"lact":9.819920696557819e-13,"dpg13":-17.742774804911082,"akg":-20.354600071717527,"actp":-9.468562072519068,"v_act":-4.6048811482412145e-10,"v_tpi":8.656688285770489,"dg_ackr":-23.140330281366037,"oaa":-11.791429200388775,"ackr":-1.716021829966744e-14,"nh4t":0.0014022082792999853,"gln":-20.723230607007274,"v_pdh":-2.048076104016278e-10,"nadh":-12.317640907142078,"mu":4.3283441430142,"v_pgk":17.313376571540978,"acontb":0.002588257280806507,"atp":-10.361629562206323,"ac":-14.570832272953448,"aconta":0.0021654478551045653,"dg_pfl":-7.117323384589297,"dg_aconta":-20.949865305399054,"g3p":-9.475774573112995,"ldh":4.727660456694895e-13,"v_icdh":4.328344143014198,"pfl":0.008777403345597545,"pfk":0.00041974959111461225,"formate":-5.7784887860355445,"acon":-5.896820302658999,"pgi":0.0012866969493330192,"gludy":0.00031575047386106633,"pg2":-14.733680463163116,"pg3":-14.689679635445916,"dg_act":-51.207933164271964,"v_acald":8.656688285363092,"v_pfk":8.656688285770489,"dg_ppc":-24.506665882544727,"v_ptar":-4.6048836065764996e-10,"acald":0.001023686367590417,"pdh":-2.7866055415489472e-14,"dg_ptar":0.030655219640205005,"pgm":0.0008090794471940132,"f6p":-10.216474172148486}