{"dg_pgm":-2.783425383766411,"cs":0.001814869094115347,"dg_acontb":-20.970854753232175,"etoh":-10.668390447078137,"v_fba":8.57022102791223,"v_fort":12.855331540125926,"dg_etoht":-3.801610597789204,"icdh":0.00495139043577904,"v_gapd":17.14044205582446,"dg_pgk":-4.301324582057072,"dg_lact":-1.4511172191040933,"v_nh4t":8.570221028592053,"v_cs":4.285110514296027,"accoa":-3.395003106343304,"pgk":0.0020389487009418897,"dhap":-6.698866102214576,"eno":0.00350879792255612,"nad":-10.708162710161131,"alcd":0.0056326586875412215,"fdp":-5.160425267469816,"icit":-15.19958657325241,"dg_eno":-5.253421334881274,"dg_pdh":-31.640541132740484,"cit":-2.351290991793948,"glu":-20.723238502011686,"v_pgm":17.14044205582446,"v_ldh":2.1030905947172956e-9,"v_pfl":12.855331540125926,"dg_alcd":-6.088704963404546,"dg_pyk":-5.22461587587691,"acetald":-15.033734779113736,"v_ppc":4.285110514296027,"dg_gludy":-17.533115112742802,"v_aconta":4.285110514296027,"tpi":0.00047912646834700557,"v_alcd":8.570221026510392,"dg_pts":-4.796145490528952,"adp":-12.663565050456366,"dg_tpi":-3.01058852753919,"dg_gapd":-4.827365974247196,"dg_icdh":-22.123517660036622,"act":-1.9476183767459667e-13,"dg_nh4t":-19.902394899915507,"fort":0.002020690274619805,"v_ackr":-1.3810776202861072e-9,"glns":3.865750718505054e-13,"v_glns":4.285110514296027,"etoht":0.0015284112928033832,"dg_pfk":-2.8420464703403794,"g6p":-9.979091433451929,"v_pgi":8.57022102791223,"fba":0.0008724923415469531,"lac":-2.406224159137991,"dg_acald":-3.162300049599852,"dg_pgi":-4.720668624002344,"ptar":-5.820068145509415e-14,"dg_cs":-29.483599388586946,"dg_ldh":-1.9177597292666644,"pep":-15.762524654819911,"ppc":0.002563385231186813,"v_acontb":4.285110514296026,"dg_glns":-1.1138705180613577,"pyr":-9.361736972920188,"v_etoht":8.570221026510392,"v_gludy":4.285110514296027,"nh4":-12.633669745049799,"gapd":0.002753893197464808,"dg_fort":-4.2857138231218626,"v_pyk":12.855331541528434,"v_lact":2.103066941036449e-9,"pts":0.0013526723371118335,"dg_fba":-4.03061027196811,"v_burn":17.14044205376356,"pyk":0.00172580053482092,"v_eno":17.14044205582446,"v_pts":8.57022102791223,"lact":1.369561727537092e-12,"dpg13":-18.547471070492872,"akg":-20.270316293287582,"actp":-13.97964359907002,"v_act":-1.3810779699871835e-9,"v_tpi":8.57022102791223,"dg_ackr":-15.494030661475193,"oaa":-12.317696527574153,"ackr":-5.147236337734867e-14,"nh4t":0.0013881969611933879,"gln":-18.101258526997906,"v_pdh":-7.005834983771415e-10,"nadh":-12.31760062259523,"mu":4.285110514296027,"v_pgk":17.14044205582446,"acontb":0.0025624103489329613,"atp":-10.360979957462321,"ac":-15.997445149602973,"aconta":0.0021438199516904885,"dg_pfl":-6.865081945056057,"dg_aconta":-21.019661096196465,"g3p":-10.37401958720806,"ldh":2.6512725182319764e-12,"v_icdh":4.285110514296026,"pfl":0.00873767215877506,"pfk":0.000432472015218878,"formate":-5.867936098019796,"acon":-5.973629183447604,"pgi":0.0012957110318945356,"gludy":0.0003126050998544056,"pg2":-15.377920550379855,"pg3":-15.404776327273236,"dg_act":-47.67140524501259,"v_acald":8.570221026510392,"v_pfk":8.57022102791223,"dg_ppc":-24.452345538451265,"v_ptar":-1.3810776522619812e-9,"acald":0.001049606905768696,"pdh":-9.530977475085295e-14,"dg_ptar":-10.504882958930786,"pgm":0.0008343691034994017,"f6p":-12.246433418994902}