{"dg_pgm":-2.925635620032137,"cs":0.0018298982813610505,"dg_acontb":-21.023430724290368,"etoh":-10.59967731479725,"v_fba":8.641189529622086,"v_fort":12.961784292996398,"dg_etoht":-3.9719482659180914,"icdh":0.004992392750581575,"v_gapd":17.28237905924417,"dg_pgk":-4.481489880281155,"dg_lact":-1.5444989438359098,"v_nh4t":8.641189528106212,"v_cs":4.320594764053118,"accoa":-3.1832511830089287,"pgk":0.002020838009928115,"dhap":-5.909845698554253,"eno":0.0035003051955605985,"nad":-10.745518642200965,"alcd":0.005640355093458905,"fdp":-3.572068126875645,"icit":-15.146170771525618,"dg_eno":-5.44672082414458,"dg_pdh":-32.025253791598644,"cit":-2.3026337013109868,"glu":-20.723264603983687,"v_pgm":17.28237905924417,"v_ldh":1.946892291325722e-9,"v_pfl":12.961784292996398,"dg_alcd":-6.289199010237439,"dg_pyk":-5.417483892452327,"acetald":-14.884143623123283,"v_ppc":4.320594764053118,"dg_gludy":-17.358001537545007,"v_aconta":4.320594764053118,"tpi":0.0004685685483630481,"v_alcd":8.641189528772545,"dg_pts":-4.983916050146818,"adp":-12.740383330831843,"dg_tpi":-3.1601726614526555,"dg_gapd":-5.015556332305685,"dg_icdh":-22.181724113371146,"act":5.90234422290473e-14,"dg_nh4t":-20.151782800259504,"fort":0.0020024928026111852,"v_ackr":4.185395546387314e-10,"glns":1.9647788874397673e-13,"v_glns":4.320594764053106,"etoht":0.001507984039590023,"dg_pfk":-2.9862238343786767,"g6p":-8.257249182122978,"v_pgi":8.641189529622086,"fba":0.0008627065689816623,"lac":-2.368554565121595,"dg_acald":-3.3163946135789932,"dg_pgi":-4.907396601311921,"ptar":1.7608325093166807e-14,"dg_cs":-27.358486239742913,"dg_ldh":-2.7340169423339367,"pep":-15.317780359393643,"ppc":0.0025846088648856327,"v_acontb":4.320594764053074,"dg_glns":-6.011303311273717,"pyr":-8.994794409085499,"v_etoht":8.641189528772545,"v_gludy":4.320594764053106,"nh4":-12.734271238388454,"gapd":0.0027401426329750765,"dg_fort":-4.465551581643647,"v_pyk":12.961784295191102,"v_lact":1.9468459158997767e-9,"pts":0.0013456368540882492,"dg_fba":-4.2057682677493435,"v_burn":17.282379061178617,"pyk":0.0017213600933398566,"v_eno":17.28237905924417,"v_pts":8.641189529622086,"lact":1.1968953050580008e-12,"dpg13":-17.894706749253594,"akg":-20.240380604747205,"actp":-14.088755942876983,"v_act":4.1853992229674306e-10,"v_tpi":8.641189529622086,"dg_ackr":-16.896140721145535,"oaa":-13.126296369423699,"ackr":1.5600293313106964e-14,"nh4t":0.0013996906191237227,"gln":-20.177479372194618,"v_pdh":2.478102296913521e-10,"nadh":-12.354956554635066,"mu":4.320594764053106,"v_pgk":17.28237905924417,"acontb":0.002583631723561,"atp":-10.437798237837796,"ac":-16.672159776573714,"aconta":0.002161577584147812,"dg_pfl":-7.0699568453924115,"dg_aconta":-20.955288927204442,"g3p":-9.645340472081411,"ldh":1.872263770175803e-12,"v_icdh":4.320594764053074,"pfl":0.008770228703318046,"pfk":0.0004220530818940965,"formate":-5.795390689677963,"acon":-5.899004569284892,"pgi":0.001288305214442891,"gludy":0.00031519148295522603,"pg2":-14.855200470023107,"pg3":-14.824689541809136,"dg_act":-45.99880915754513,"v_acald":8.641189528772545,"v_pfk":8.641189529622086,"dg_ppc":-27.559345767080842,"v_ptar":4.1853956135473954e-10,"acald":0.0010283716626038235,"pdh":3.3715101229728146e-14,"dg_ptar":-11.300295265668865,"pgm":0.0008136602888431265,"f6p":-10.599916046457338}