{"dg_pgm":-2.9106984469707355,"cs":0.001828402279863288,"dg_acontb":-21.100746941293348,"etoh":-10.606859098624591,"v_fba":8.634126289454278,"v_fort":12.951189433925457,"dg_etoht":-3.9541448523703777,"icdh":0.0049883142066004405,"v_gapd":17.268252578908555,"dg_pgk":-4.4627021021565785,"dg_lact":-0.9749500807387635,"v_nh4t":8.634126288451816,"v_cs":4.317063144225907,"accoa":-3.205348012367666,"pgk":0.0020226395208436197,"dhap":-5.992122243962419,"eno":0.0035011384964098854,"nad":-10.490742856949439,"alcd":0.005639571216948632,"fdp":-3.737667221073843,"icit":-15.149791269317111,"dg_eno":-5.426621387375954,"dg_pdh":-31.985243373344208,"cit":-2.3026392437822474,"glu":-20.72325715577478,"v_pgm":17.268252578908555,"v_ldh":5.064524802192785e-10,"v_pfl":12.951189433925457,"dg_alcd":-6.268380933278421,"dg_pyk":-5.397417410027962,"acetald":-14.899723286830243,"v_ppc":4.317063144225907,"dg_gludy":-17.451336851188692,"v_aconta":4.317063144225907,"tpi":0.0004696276681488695,"v_alcd":8.634126289326423,"dg_pts":-4.964367356004013,"adp":-12.84034177992113,"dg_tpi":-3.1444809316650497,"dg_gapd":-4.995965749859582,"dg_icdh":-22.188886069705298,"act":8.797380001422057e-14,"dg_nh4t":-20.042291967606026,"fort":0.0020043041158116027,"v_ackr":6.238683115212511e-10,"glns":3.018338619285888e-13,"v_glns":4.317063144225908,"etoht":0.0015100238094460476,"dg_pfk":-2.9710850848751136,"g6p":-8.436798983279369,"v_pgi":8.634126289454278,"fba":0.0008636818318729958,"lac":-2.5983069551849107,"dg_acald":-3.300238767337062,"dg_pgi":-4.8879519922473795,"ptar":2.624673317114604e-14,"dg_cs":-28.146437619469705,"dg_ldh":-3.2087780504279797,"pep":-15.364111828504772,"ppc":0.002582496819055822,"v_acontb":4.317063144225908,"dg_glns":-3.621862849662671,"pyr":-9.033031186773508,"v_etoht":8.634126289326423,"v_gludy":4.317063144225908,"nh4":-12.690103332661515,"gapd":0.0027415037526095304,"dg_fort":-4.446792003847508,"v_pyk":12.95118943468265,"v_lact":5.064547154198962e-10,"pts":0.0013463335366909117,"dg_fba":-4.187483528867146,"v_burn":17.26825258053489,"pyk":0.0017217972394638795,"v_eno":17.268252578908555,"v_pts":8.634126289454278,"lact":4.761614856091294e-13,"dpg13":-17.962750634238965,"akg":-20.24689019018669,"actp":-14.141668947640852,"v_act":6.23868447518478e-10,"v_tpi":8.634126289454278,"dg_ackr":-15.73485868266283,"oaa":-12.808447335271842,"ackr":2.3266433477664303e-14,"nh4t":0.001398548827399185,"gln":-19.169418928604067,"v_pdh":2.5074167096433905e-10,"nadh":-12.100180769383542,"mu":4.317063144225908,"v_pgk":17.268252578908555,"acontb":0.002581521191823138,"atp":-10.537756686927084,"ac":-16.256618990686277,"aconta":0.0021598109615433127,"dg_pfl":-7.0487060049341395,"dg_aconta":-20.88693406939438,"g3p":-9.721287073464536,"ldh":4.387285587878241e-13,"v_icdh":4.317063144225908,"pfl":0.0087669660389634,"pfk":0.0004230994019559442,"formate":-5.802958184083629,"acon":-5.87143619672997,"pgi":0.001289039193607991,"gludy":0.00031493859739453034,"pg2":-14.909639924130301,"pg3":-14.885154556555653,"dg_act":-47.02892154117458,"v_acald":8.634126289326423,"v_pfk":8.634126289454278,"dg_ppc":-26.65655388953642,"v_ptar":6.238683181046951e-10,"acald":0.0010305006279618617,"pdh":3.411459971746231e-14,"dg_ptar":-11.376687583773409,"pgm":0.0008157407638346829,"f6p":-10.771622015949958}