{"dg_pgm":-2.9493359737260425,"cs":0.0018322328222903491,"dg_acontb":-21.20641571282159,"etoh":-10.588299407961003,"v_fba":8.652213588901391,"v_fort":12.978320364496588,"dg_etoht":-4.0001537348632565,"icdh":0.004998761337129569,"v_gapd":17.304427177802783,"dg_pgk":-4.511236096667837,"dg_lact":-1.302934798987661,"v_nh4t":8.652213622437811,"v_cs":4.326106811218797,"accoa":-3.1482596820347766,"pgk":0.0020180243770759306,"dhap":-5.779582485035336,"eno":0.0034990074068694,"nad":-10.72599361655723,"alcd":0.005641584090545472,"fdp":-3.309899654923222,"icit":-15.080603878030931,"dg_eno":-5.478517088444292,"dg_pdh":-32.08854970922946,"cit":-2.3027168763453973,"glu":-20.722779018686765,"v_pgm":17.304427177802783,"v_ldh":5.11239336703272e-9,"v_pfl":12.978320364496588,"dg_alcd":-6.32211745789578,"dg_pyk":-5.449231041829593,"acetald":-14.859486623804003,"v_ppc":4.326106811218797,"dg_gludy":-17.444994646929036,"v_aconta":4.326106811218798,"tpi":0.00046691075791293577,"v_alcd":8.652213584832696,"dg_pts":-5.014852173782465,"adp":-12.789650554397094,"dg_tpi":-3.1850607386903325,"dg_gapd":-5.046557897055821,"dg_icdh":-22.3821221345427,"act":-4.876162672351503e-12,"dg_nh4t":-20.025726161513536,"fort":0.001999663574437677,"v_ackr":-3.457989979621016e-8,"glns":1.4774910139150142e-12,"v_glns":4.326106811218906,"etoht":0.0015047954198620292,"dg_pfk":-3.0102416229877256,"g6p":-7.972978269154301,"v_pgi":8.652213588901391,"fba":0.0008611826848230581,"lac":-2.4660000052383273,"dg_acald":-3.3420135142859215,"dg_pgi":-4.938170060571989,"ptar":-1.4561304470203165e-12,"dg_cs":-27.236990096675285,"dg_ldh":-3.125619822123441,"pep":-15.244449089491997,"ppc":0.0025879060499875072,"v_acontb":4.326106811218796,"dg_glns":-2.6837652558840075,"pyr":-8.93426973738767,"v_etoht":8.652213584832696,"v_gludy":4.326106811218906,"nh4":-12.683420791812646,"gapd":0.002738019110847431,"dg_fort":-4.495254775409386,"v_pyk":12.978320366583983,"v_lact":5.1123950442547425e-9,"pts":0.0013445498516184485,"dg_fba":-4.234726922072202,"v_burn":17.304427109686657,"pyk":0.0017206789296217377,"v_eno":17.304427177802783,"v_pts":8.652213588901391,"lact":3.664848267319869e-12,"dpg13":-17.786989061954603,"akg":-20.255652998820846,"actp":-13.941142649708715,"v_act":-3.457989910556974e-8,"v_tpi":8.652213588901391,"dg_ackr":-14.96712529693287,"oaa":-13.175390316073855,"ackr":-1.288781265440682e-12,"nh4t":0.0014014769224758507,"gln":-18.78383564595639,"v_pdh":-3.0249970204873303e-9,"nadh":-12.335431528991327,"mu":4.326106811218906,"v_pgk":17.304427177802783,"acontb":0.0025869271847508576,"atp":-10.487065461403047,"ac":-15.74639392635914,"aconta":0.0021643362606240534,"dg_pfl":-7.103549569257515,"dg_aconta":-20.60955950810302,"g3p":-9.525116950676603,"ldh":4.501249089753078e-12,"v_icdh":4.326106811218796,"pfl":0.008775328427935256,"pfk":0.0004204148232360248,"formate":-5.783408610171945,"acon":-5.75962269487331,"pgi":0.0012871598131914401,"gludy":0.00031559776704481957,"pg2":-14.769042789270216,"pg3":-14.728971289067902,"dg_act":-48.29375323772887,"v_acald":8.652213584832696,"v_pfk":8.652213588901391,"dg_ppc":-27.86283398273024,"v_ptar":-3.457990057294564e-8,"acald":0.0010250400165056624,"pdh":-4.115337668747913e-13,"dg_ptar":-11.021109427008184,"pgm":0.0008104024681314417,"f6p":-10.32805895129012}