{"dg_pgm":-3.0182993427901117,"cs":0.0018387752679751193,"dg_acontb":-21.199175739606677,"etoh":-10.555305767074433,"v_fba":8.68308848734065,"v_fort":13.024632754469923,"dg_etoht":-4.081943920598444,"icdh":0.005016598869141865,"v_gapd":17.3661769746813,"dg_pgk":-4.597354446969424,"dg_lact":-0.9947392205651703,"v_nh4t":8.683088475568715,"v_cs":4.341544237784316,"accoa":-6.055052758293649,"pgk":0.0020101457632321863,"dhap":-6.906514615910057,"eno":0.0034954056596312386,"nad":-11.471472494683297,"alcd":0.005645075168849547,"fdp":-5.559106694113025,"icit":-15.03814894399709,"dg_eno":-5.570390322005064,"dg_pdh":-28.54291620968359,"cit":-2.303318014685234,"glu":-20.723265819669486,"v_pgm":17.3661769746813,"v_ldh":3.5809235822300606e-10,"v_pfl":13.024632754469923,"dg_alcd":-6.4171478073116655,"dg_pyk":-5.541008459401278,"acetald":-16.292235740962052,"v_ppc":4.341544237784315,"dg_gludy":-17.495119240981197,"v_aconta":4.3415442377843165,"tpi":0.00046224232971408386,"v_alcd":8.68308847819585,"dg_pts":-5.104314599911064,"adp":-12.747524774829778,"dg_tpi":-3.2574142427750066,"dg_gapd":-5.1362041628611985,"dg_icdh":-22.386413374346162,"act":2.898888930200764e-12,"dg_nh4t":-20.07776152214326,"fort":0.0019917373644304107,"v_ackr":2.0557852079261436e-8,"glns":2.5697370108019842e-12,"v_glns":4.341544237784357,"etoht":0.0014958435248888632,"dg_pfk":-3.0801117945693806,"g6p":-10.158095693063453,"v_pgi":8.68308848734065,"fba":0.0008569102383712195,"lac":-2.590324142002403,"dg_acald":-3.416465450469212,"dg_pgi":-5.027176005619048,"ptar":8.902520805760138e-13,"dg_cs":-23.614304024882838,"dg_ldh":-0.13945437233440255,"pep":-18.040428352108012,"ppc":0.0025971445872959294,"v_acontb":4.3415442377843165,"dg_glns":-3.289739268877785,"pyr":-11.7672714267122,"v_etoht":8.68308847819585,"v_gludy":4.341544237784357,"nh4":-12.704411525439033,"gapd":0.002732091866785188,"dg_fort":-4.581271556781064,"v_pyk":13.024632736896985,"v_lact":3.5810717246013743e-10,"pts":0.0013415150454468522,"dg_fba":-4.318625532666117,"v_burn":17.366177007011117,"pyk":0.0017187837272943263,"v_eno":17.3661769746813,"v_pts":8.68308848734065,"lact":3.514191249527425e-13,"dpg13":-20.48334826675103,"akg":-20.214929123639124,"actp":-15.419106167037844,"v_act":2.055785165444323e-8,"v_tpi":8.68308848734065,"dg_ackr":-12.451643994596791,"oaa":-14.63735998198361,"ackr":7.670760075528647e-13,"nh4t":0.0014064767304389975,"gln":-19.04975924449844,"v_pdh":-1.793114425304459e-8,"nadh":-11.576833010341124,"mu":4.341544237784357,"v_pgk":17.3661769746813,"acontb":0.0025961584017834857,"atp":-10.444939681835734,"ac":-16.20962828027895,"aconta":0.0021720614283182705,"dg_pfl":-7.20045928768518,"dg_aconta":-20.510064848163083,"g3p":-10.68123602506046,"ldh":5.607997338145057e-12,"v_icdh":4.3415442377843165,"pfl":0.008789672940660312,"pfk":0.00041579792222011275,"formate":-5.748709987479187,"acon":-5.720088320001109,"pgi":0.0012839601892037553,"gludy":0.0003167228825989911,"pg2":-17.527960973616935,"pg3":-17.460070088817613,"dg_act":-47.14541001679498,"v_acald":8.68308847819585,"v_pfk":8.68308848734065,"dg_ppc":-24.555866647350836,"v_ptar":2.0557852654243653e-8,"acald":0.0010156612881274168,"pdh":-2.4394703522505812e-12,"dg_ptar":-7.479086422922068,"pgm":0.0008012188903762123,"f6p":-12.549080807512954}