{"dg_pgm":-2.971186726795393,"cs":0.0018343481977797095,"dg_acontb":-20.933073563024518,"etoh":-10.577799137736037,"v_fba":8.662200022065658,"v_fort":12.99330003321452,"dg_etoht":-4.0261835705798505,"icdh":0.00500453348796689,"v_gapd":17.324400044131316,"dg_pgk":-4.53859225191237,"dg_lact":0.7864332513152356,"v_nh4t":8.66220002183859,"v_cs":4.331100010919296,"accoa":-5.563535096352442,"pgk":0.002015482133644989,"dhap":-6.883345787979134,"eno":0.0034978438588553883,"nad":-11.302663797429561,"alcd":0.005642698023074078,"fdp":-5.515931324783321,"icit":-15.246003833884405,"dg_eno":-5.507730076039176,"dg_pdh":-29.113164754506506,"cit":-2.432518334907309,"glu":-20.723265489977095,"v_pgm":17.324400044131316,"v_ldh":3.209472902714915e-11,"v_pfl":12.99330003321452,"dg_alcd":-6.35242907777881,"dg_pyk":-5.4785628539109545,"acetald":-16.06053427046792,"v_ppc":4.331100010919296,"dg_gludy":-17.519753476726788,"v_aconta":4.331100010919296,"tpi":0.00046540755075797084,"v_alcd":8.66220002203231,"dg_pts":-5.043286720954374,"adp":-12.65096780586621,"dg_tpi":-3.207996238161338,"dg_gapd":-5.075051732864319,"dg_icdh":-22.02832091034237,"act":3.2195417439449024e-14,"dg_nh4t":-19.895953276055725,"fort":0.0019970936063985183,"v_ackr":2.28317415837918e-10,"glns":1.3057740074862587e-14,"v_glns":4.331100010919295,"etoht":0.001501897121996877,"dg_pfk":-3.032382412992085,"g6p":-10.158667594932924,"v_pgi":8.662200022065658,"fba":0.0008598045789952303,"lac":-3.3088377920941014,"dg_acald":-3.365681869409086,"dg_pgi":-4.966457294150503,"ptar":9.753179281083207e-15,"dg_cs":-25.658515971680675,"dg_ldh":-2.319612728426167,"pep":-17.62436817831085,"ppc":0.00259089859890674,"v_acontb":4.331100010919296,"dg_glns":-1.3297047793434804,"pyr":-11.326021092702378,"v_etoht":8.66220002203231,"v_gludy":4.331100010919295,"nh4":-12.631071234941947,"gapd":0.002736105292113639,"dg_fort":-4.522648382624824,"v_pyk":12.99330003321202,"v_lact":3.2092660286421523e-11,"pts":0.001343569989771344,"dg_fba":-4.261368320379034,"v_burn":17.3244000445867,"pyk":0.0017200534517874343,"v_eno":17.324400044131316,"v_pts":8.662200022065658,"lact":-3.709656357098374e-14,"dpg13":-20.13527406337386,"akg":-20.27833179037364,"actp":-15.283670355872387,"v_act":2.2831620762202217e-10,"v_tpi":8.662200022065658,"dg_ackr":-14.3160357866092,"oaa":-13.941938200391961,"ackr":8.519599776104249e-15,"nh4t":0.001403097368056895,"gln":-18.185753173537574,"v_pdh":-3.4595909623627774e-11,"nadh":-11.688326278241545,"mu":4.331100010919295,"v_pgk":17.324400044131316,"acontb":0.0025899136941786257,"atp":-10.348382712872166,"ac":-16.826276263820706,"aconta":0.002166830423241384,"dg_pfl":-7.134471355657228,"dg_aconta":-20.971149199763698,"g3p":-10.638132288278332,"ldh":3.4775871357270885e-14,"v_icdh":4.331100010919296,"pfl":0.008779950700212369,"pfk":0.0004189287100546992,"formate":-5.772358203195486,"acon":-6.035287135988709,"pgi":0.001286126828208749,"gludy":0.0003159612141763913,"pg2":-17.137177544635538,"pg3":-17.088291589576677,"dg_act":-45.61675929041705,"v_acald":8.66220002203231,"v_pfk":8.662200022065658,"dg_ppc":-23.86333811231148,"v_ptar":2.2831741778892366e-10,"acald":0.0010220084982990043,"pdh":-4.706582369565771e-15,"dg_ptar":-8.361801998690252,"pgm":0.0008074467714801978,"f6p":-12.525159167238206}