{"dg_pgm":-2.9059331272107722,"cs":0.0018279245056717717,"dg_acontb":-20.75931145652977,"etoh":-10.609126558994618,"v_fba":8.631870048718561,"v_fort":12.947805073036132,"dg_etoht":-3.9485238902750086,"icdh":0.004987008654170548,"v_gapd":17.263740097437122,"dg_pgk":-4.456701761064224,"dg_lact":0.15182185851103547,"v_nh4t":8.631870048833655,"v_cs":4.315935024416826,"accoa":-4.878144390942672,"pgk":0.00202322268434967,"dhap":-6.851115579067788,"eno":0.0035014134310026946,"nad":-11.164268708329706,"alcd":0.005639316438496052,"fdp":-5.455989410823453,"icit":-15.133429197883517,"dg_eno":-5.420199362889399,"dg_pdh":-29.9078465407388,"cit":-2.3026202600481875,"glu":-20.723259074171107,"v_pgm":17.263740097437122,"v_ldh":-5.0374655771344786e-11,"v_pfl":12.947805073036132,"dg_alcd":-6.261801705919448,"dg_pyk":-5.391148744767485,"acetald":-15.737553888619884,"v_ppc":4.315935024416826,"dg_gludy":-17.965606920750066,"v_aconta":4.315935024416826,"tpi":0.00046996878417177604,"v_alcd":8.631870048761016,"dg_pts":-4.958122456130723,"adp":-12.661350585732613,"dg_tpi":-3.139473912353742,"dg_gapd":-4.989707381008487,"dg_icdh":-21.91401125045303,"act":-1.5111353934709884e-14,"dg_nh4t":-19.843462527301345,"fort":0.0020048780088741933,"v_ackr":-1.0717453667612822e-10,"glns":3.2993048265438457e-13,"v_glns":4.315935024416827,"etoht":0.001510670612086263,"dg_pfk":-2.966255209857559,"g6p":-10.159575167826556,"v_pgi":8.631870048718561,"fba":0.0008639970255687548,"lac":-3.0528395912280493,"dg_acald":-3.295140387895257,"dg_pgi":-4.881740555910118,"ptar":-4.676091640533523e-15,"dg_cs":-27.302821343345045,"dg_ldh":-2.2408545881762114,"pep":-17.04453649760538,"ppc":0.002581829332249975,"v_acontb":4.315935024416826,"dg_glns":-6.547771622639132,"pyr":-10.710927116165516,"v_etoht":8.631870048761016,"v_gludy":4.315935024416827,"nh4":-12.609896800641522,"gapd":0.00274194687106774,"dg_fort":-4.440867409433545,"v_pyk":12.947805073020294,"v_lact":-5.037415307739917e-11,"pts":0.0013465602291425466,"dg_fba":-4.181644767296886,"v_burn":17.263740097214853,"pyk":0.0017219279892300929,"v_eno":17.263740097437122,"v_pts":8.631870048718561,"lact":2.9898357741663285e-13,"dpg13":-19.6501087063224,"akg":-20.119645364377973,"actp":-14.017312951240571,"v_act":-1.0717453152406825e-10,"v_tpi":8.631870048718561,"dg_ackr":-15.134644622402341,"oaa":-13.148737793438812,"ackr":-3.993735033164639e-15,"nh4t":0.0013981829950655263,"gln":-20.26950731046287,"v_pdh":3.453543117395099e-11,"nadh":-11.940797497828703,"mu":4.315935024416827,"v_pgk":17.263740097437122,"acontb":0.0025808440241492014,"atp":-10.358765492738566,"ac":-15.890140458662687,"aconta":0.0021592404287664904,"dg_pfl":-7.041988975165963,"dg_aconta":-21.187855559869565,"g3p":-10.578260608815393,"ldh":-5.5986791678915076e-14,"v_icdh":4.315935024416826,"pfl":0.008765919551005441,"pfk":0.0004234362663741951,"formate":-5.805348127800419,"acon":-5.992807028932208,"pgi":0.0012892777580327274,"gludy":0.00031484809938670937,"pg2":-16.59265519707622,"pg3":-16.570092129193846,"dg_act":-47.937410158881775,"v_acald":8.631870048761016,"v_pfk":8.631870048718561,"dg_ppc":-23.334403830403193,"v_ptar":-1.0717454157228698e-10,"acald":0.001031175918860934,"pdh":4.700538984072774e-15,"dg_ptar":-6.921604040584006,"pgm":0.0008164104913809239,"f6p":-12.4918925465723}