{"dg_pgm":-3.171203077508081,"cs":0.0018463201418543818,"dg_acontb":-20.748461099514586,"etoh":-10.482783947260863,"v_fba":8.718703087496264,"v_fort":13.078054631195547,"dg_etoht":-4.261723203909371,"icdh":0.0050371796106719975,"v_gapd":17.437406174992528,"dg_pgk":-4.786065116412811,"dg_lact":0.5972268581174315,"v_nh4t":8.718703087117817,"v_cs":4.359351543558908,"accoa":-6.932862447429547,"pgk":0.0019880471609366687,"dhap":-6.6967921959156795,"eno":0.00347751263683939,"nad":-11.902863258906855,"alcd":0.005634978692531474,"fdp":-5.1468802172139245,"icit":-15.102489094777848,"dg_eno":-5.770820489907231,"dg_pdh":-27.578392081787158,"cit":-2.3026717236502687,"glu":-20.723255315880493,"v_pgm":17.437406174992528,"v_ldh":5.171330073334673e-11,"v_pfl":13.078054631195547,"dg_alcd":-6.6239218879746415,"dg_pyk":-6.181254924458712,"acetald":-16.686348908640902,"v_ppc":4.359351543558908,"dg_gludy":-17.806820962417124,"v_aconta":4.359351543558908,"tpi":0.0004740509410285524,"v_alcd":8.718703087563588,"dg_pts":-4.966732664396274,"adp":-12.652863165824982,"dg_tpi":-3.1463781099026447,"dg_gapd":-4.998336146337172,"dg_icdh":-21.861046713273122,"act":3.658170991152993e-14,"dg_nh4t":-20.131903237061536,"fort":0.0019696002693791793,"v_ackr":2.5941352206111406e-10,"glns":3.9887914535817035e-13,"v_glns":4.359351543558908,"etoht":0.0014730734466212455,"dg_pfk":-2.972915230858913,"g6p":-9.844324661867288,"v_pgi":8.718703087496264,"fba":0.0008719357615073941,"lac":-3.2325131360916886,"dg_acald":-3.5809445314171846,"dg_pgi":-4.890304652776499,"ptar":1.0998523564376359e-14,"dg_cs":-23.103874657493474,"dg_ldh":-1.3179287680424612,"pep":-18.499003251689093,"ppc":0.0026077995748489944,"v_acontb":4.359351543558908,"dg_glns":-3.3720528584774163,"pyr":-12.484117679477325,"v_etoht":8.718703087563588,"v_gludy":4.359351543558908,"nh4":-12.72625194899279,"gapd":0.002767916161487007,"dg_fort":-4.769756250830456,"v_pyk":13.07805463143362,"v_lact":5.170430888758529e-11,"pts":0.0013593010226742516,"dg_fba":-4.189695307418914,"v_burn":17.43740617563039,"pyk":0.001680555066574247,"v_eno":17.437406174992528,"v_pts":8.718703087496264,"lact":-7.655714379399304e-14,"dpg13":-20.72326583239375,"akg":-20.067339703733463,"actp":-17.009470668316325,"v_act":2.594135312110849e-10,"v_tpi":8.718703087496264,"dg_ackr":-9.564157764580504,"oaa":-14.842617652337486,"ackr":9.75953665257738e-15,"nh4t":0.0014122466287560225,"gln":-19.104793942940777,"v_pdh":1.8636075635328063e-10,"nadh":-11.458177437645409,"mu":4.359351543558908,"v_pgk":17.437406174992528,"acontb":0.0026068111206969742,"atp":-10.350278072830935,"ac":-16.635199195606578,"aconta":0.0021809632710622865,"dg_pfl":-7.410997829737567,"dg_aconta":-21.12187880932285,"g3p":-10.426722335056189,"ldh":9.104071413417445e-14,"v_icdh":4.359351543558908,"pfl":0.008791868289076382,"pfk":0.0004270731556198944,"formate":-5.67267646032453,"acon":-5.966243890857638,"pgi":0.0013014466249728469,"gludy":0.000318013707324378,"pg2":-17.905683617842953,"pg3":-17.776112338652133,"dg_act":-46.09043326149217,"v_acald":8.718703087563588,"v_pfk":8.718703087496264,"dg_ppc":-23.92790129791742,"v_ptar":2.594135233324195e-10,"acald":0.0009933835533453821,"pdh":2.5356427354458503e-14,"dg_ptar":-9.245487125166644,"pgm":0.000779923261396258,"f6p":-12.180096742836621}