{"dg_pgm":-2.7984087281839503,"cs":0.001816537510836172,"dg_acontb":-21.101521865617073,"etoh":-10.661130547043468,"v_fba":8.578096756268542,"v_fort":12.867145134338058,"dg_etoht":-3.819607658928831,"icdh":0.004955941951947417,"v_gapd":17.156193512537083,"dg_pgk":-4.320445794728295,"dg_lact":-0.4174203028586876,"v_nh4t":8.578096754576842,"v_cs":4.28904837728849,"accoa":-3.7372367549233942,"pgk":0.0020369335772495185,"dhap":-6.797563457077771,"eno":0.0035078377760478737,"nad":-10.799367287150169,"alcd":0.0056334978480225084,"fdp":-5.356694669983791,"icit":-15.135620109181275,"dg_eno":-5.273996775312342,"dg_pdh":-31.229425062490613,"cit":-2.30258600529764,"glu":-20.723186545402154,"v_pgm":17.156193512537083,"v_ldh":1.798305732003835e-10,"v_pfl":12.867145134338058,"dg_alcd":-6.110030434855479,"dg_pyk":-5.245043305244959,"acetald":-15.200193876281492,"v_ppc":4.28904837728849,"dg_gludy":-17.351780309512417,"v_aconta":4.28904837728849,"tpi":0.0004779620696151683,"v_alcd":8.578096756543978,"dg_pts":-4.816107229029392,"adp":-12.664218011385442,"dg_tpi":-3.02636896441747,"dg_gapd":-4.847374228495217,"dg_icdh":-22.30031058903069,"act":1.7433430873729963e-13,"dg_nh4t":-20.065378804069958,"fort":0.0020186752611261924,"v_ackr":1.236293433702945e-9,"glns":3.437858739562531e-13,"v_glns":4.289048377288421,"etoht":0.0015261557146889174,"dg_pfk":-2.857242160387495,"g6p":-10.161225133510849,"v_pgi":8.578096756268542,"fba":0.000871405757583952,"lac":-2.8232109226915023,"dg_acald":-3.178529867582428,"dg_pgi":-4.740514890472588,"ptar":5.214129101410372e-14,"dg_cs":-27.17168013421279,"dg_ldh":-2.5958929258353414,"pep":-16.08003806025818,"ppc":0.0025657389036318093,"v_acontb":4.289048377288422,"dg_glns":-7.086572162659437,"pyr":-9.687490673483685,"v_etoht":8.578096756543978,"v_gludy":4.289048377288421,"nh4":-12.69941641570016,"gapd":0.00275235467522274,"dg_fort":-4.304752414910025,"v_pyk":12.867145135248592,"v_lact":1.798295568956489e-10,"pts":0.0013518854990043979,"dg_fba":-4.049180309613072,"v_burn":17.156193515465006,"pyk":0.0017253093235643244,"v_eno":17.156193512537083,"v_pts":8.578096756268542,"lact":3.866037857094324e-13,"dpg13":-18.842926912598433,"akg":-20.277666972686454,"actp":-14.236143689582635,"v_act":1.236294234235327e-9,"v_tpi":8.578096756268542,"dg_ackr":-15.033251237937817,"oaa":-13.201605068629148,"ackr":4.608688968438667e-14,"nh4t":0.0013894725805363958,"gln":-20.576303108790906,"v_pdh":7.307038027140056e-10,"nadh":-12.226483642790317,"mu":4.289048377288421,"v_pgk":17.156193512537083,"acontb":0.002564768325812718,"atp":-10.361632918391395,"ac":-16.06806975039198,"aconta":0.002145797012652526,"dg_pfl":-6.886896619926682,"dg_aconta":-20.851161266600073,"g3p":-10.479082669972657,"ldh":1.7933002305988152e-13,"v_icdh":4.289048377288422,"pfl":0.00874126522359716,"pfk":0.0004313242054746665,"formate":-5.860256051143775,"acon":-5.856952437049057,"pgi":0.0012948835907780733,"gludy":0.0003128939802625803,"pg2":-15.68713395397116,"pg3":-15.707945544993722,"dg_act":-47.49632910728457,"v_acald":8.578096756543978,"v_pfk":8.578096756268542,"dg_ppc":-25.856421054119934,"v_ptar":1.2362934556103866e-9,"acald":0.0010472707372879981,"pdh":9.941218402191673e-14,"dg_ptar":-10.292352196952004,"pgm":0.0008320885734749597,"f6p":-12.436572976761232}