{"dg_pgm":-3.2453134038163975,"cs":0.0018485996712376649,"dg_acontb":-21.194515426490195,"etoh":-10.447931287735244,"v_fba":8.72946695854309,"v_fort":13.09420043812875,"dg_etoht":-4.348121837687486,"icdh":0.0050433942653170145,"v_gapd":17.45893391708618,"dg_pgk":-4.876479055090512,"dg_lact":-0.31988483460551115,"v_nh4t":8.729466956078566,"v_cs":4.364733478039284,"accoa":-7.323189503050519,"pgk":0.0019772099009124633,"dhap":-6.528192288507393,"eno":0.0034677485354659334,"nad":-11.859499054204859,"alcd":0.005627468688100254,"fdp":-4.815680929517581,"icit":-15.157294235977258,"dg_eno":-5.8664416907467904,"dg_pdh":-27.152829143579524,"cit":-2.3025900753494244,"glu":-20.72326420787499,"v_pgm":17.45893391708618,"v_ldh":-6.937428874447799e-13,"v_pfl":13.09420043812875,"dg_alcd":-6.722330506841384,"dg_pyk":-6.6983529350782645,"acetald":-16.860260197265394,"v_ppc":4.364733478039284,"dg_gludy":-17.245050420720442,"v_aconta":4.364733478039284,"tpi":0.0004831246117086815,"v_alcd":8.729466959002867,"dg_pts":-4.85677305856719,"adp":-12.664218055308918,"dg_tpi":-3.0586068595156224,"dg_gapd":-4.888133407149223,"dg_icdh":-22.362088891588353,"act":2.827008778654446e-13,"dg_nh4t":-20.056793442554632,"fort":0.0019587558968707725,"v_ackr":2.004659622713163e-9,"glns":1.9113737218902665e-13,"v_glns":4.364733478039283,"etoht":0.0014621911994469295,"dg_pfk":-2.8882960520016474,"g6p":-9.591373606354594,"v_pgi":8.72946695854309,"fba":0.0008829396065858787,"lac":-2.8625561104340504,"dg_acald":-3.660384534882909,"dg_pgi":-4.78094895430049,"ptar":8.906000718871977e-14,"dg_cs":-23.079998223350604,"dg_ldh":-0.23950139322246275,"pep":-18.603944281799624,"ppc":0.002611020105874874,"v_acontb":4.364733478039284,"dg_glns":-3.340210291360895,"pyr":-12.797652759255135,"v_etoht":8.729466959002867,"v_gludy":4.364733478039283,"nh4":-12.69595313545239,"gapd":0.002792650184100475,"dg_fort":-4.8600663797281145,"v_pyk":13.0942004390469,"v_lact":-6.774575712437612e-13,"pts":0.0013716140704946261,"dg_fba":-4.087048941267612,"v_burn":17.458933921555364,"pyk":0.0016568386629726296,"v_eno":17.45893391708618,"v_pts":8.72946695854309,"lact":7.270947184049368e-14,"dpg13":-20.723265835649197,"akg":-20.32426207393491,"actp":-16.186828422589432,"v_act":2.0046595843259476e-9,"v_tpi":8.72946695854309,"dg_ackr":-11.73619434898612,"oaa":-14.852167605758545,"ackr":7.491618531486112e-14,"nh4t":0.0014139906482547177,"gln":-19.061658932281734,"v_pdh":9.188555579023932e-10,"nadh":-11.166351873644913,"mu":4.364733478039283,"v_pgk":17.45893391708618,"acontb":0.002610025481726357,"atp":-10.361632962314873,"ac":-16.68874269776877,"aconta":0.0021836613545009108,"dg_pfl":-7.511052565050481,"dg_aconta":-20.811887086746292,"g3p":-10.222716063309633,"ldh":-4.318135137404736e-14,"v_icdh":4.364733478039284,"pfl":0.008788013638564119,"pfk":0.0004357839306303441,"formate":-5.636245928537789,"acon":-5.841113552661229,"pgi":0.001313629821015839,"gludy":0.0003184159636319422,"pg2":-17.97205166351428,"pg3":-17.812584749899546,"dg_act":-45.957700623654056,"v_acald":8.729466959002867,"v_pfk":8.72946695854309,"dg_ppc":-23.691429854625234,"v_ptar":2.0046596569853867e-9,"acald":0.0009829322132180367,"pdh":1.2500864321466623e-13,"dg_ptar":-6.238574829873298,"pgm":0.0007699916483868311,"f6p":-11.883032293864968}