{"dg_pgm":-3.211740676523063,"cs":0.0018476158186813468,"dg_acontb":-21.04887601901327,"etoh":-10.463697569335768,"v_fba":8.724826009374693,"v_fort":13.08723901405367,"dg_etoht":-4.309037727361709,"icdh":0.0050407123211223745,"v_gapd":17.449652018749386,"dg_pgk":-4.835602908677756,"dg_lact":-0.48886659182536635,"v_nh4t":8.724826008904623,"v_cs":4.36241300445232,"accoa":-7.138325170090833,"pgk":0.0019820690427838146,"dhap":-6.608632528013648,"eno":0.0034721511150348845,"nad":-11.844167213367022,"alcd":0.005630902764910689,"fdp":-4.973820693985312,"icit":-15.146818630942892,"dg_eno":-5.8232427520293655,"dg_pdh":-27.355705054889857,"cit":-2.302727787078003,"glu":-20.723265392862466,"v_pgm":17.44965201874939,"v_ldh":2.3926879337333227e-11,"v_pfl":13.08723901405367,"dg_alcd":-6.6778875101767925,"dg_pyk":-6.443735660302588,"acetald":-16.777420684886657,"v_ppc":4.36241300445232,"dg_gludy":-17.21955025037476,"v_aconta":4.36241300445232,"tpi":0.0004789653131852278,"v_alcd":8.724826009472464,"dg_pts":-4.9065287059649965,"adp":-12.721392841222585,"dg_tpi":-3.09821436717424,"dg_gapd":-4.938000727173992,"dg_icdh":-22.36516646668364,"act":4.9126249901378075e-14,"dg_nh4t":-20.10518766684539,"fort":0.0019636183428187455,"v_ackr":3.483575430369374e-10,"glns":1.7288353968043178e-13,"v_glns":4.3624130044523115,"etoht":0.0014670648535895618,"dg_pfk":-2.926468256629252,"g6p":-9.714155707893056,"v_pgi":8.724826009374693,"fba":0.0008778983006433946,"lac":-2.7943899439927025,"dg_acald":-3.6244171963533693,"dg_pgi":-4.830427270816922,"ptar":1.484486051240895e-14,"dg_cs":-23.247414710795905,"dg_ldh":-0.15390110179304367,"pep":-18.55648590213545,"ppc":0.0026096316192104683,"v_acontb":4.362413004452324,"dg_glns":-7.4105670695342525,"pyr":-12.64748338985602,"v_etoht":8.724826009472464,"v_gludy":4.3624130044523115,"nh4":-12.715475057830737,"gapd":0.002781338718159773,"dg_fort":-4.8192339997400815,"v_pyk":13.087239014297067,"v_lact":2.4598730298099376e-11,"pts":0.0013659824786783242,"dg_fba":-4.1334505930594965,"v_burn":17.449652019567807,"pyk":0.0016676614678562036,"v_eno":17.44965201874939,"v_pts":8.724826009374693,"lact":4.7899949343681686e-14,"dpg13":-20.723265835487425,"akg":-20.315027943126097,"actp":-16.924011815341068,"v_act":3.4835924722577296e-10,"v_tpi":8.724826009374693,"dg_ackr":-12.44682142676843,"oaa":-14.784770570920518,"ackr":1.3004573181280593e-14,"nh4t":0.0014132383826195132,"gln":-20.723138083788115,"v_pdh":2.1947020306729757e-10,"nadh":-11.26755384906303,"mu":4.3624130044523115,"v_pgk":17.44965201874939,"acontb":0.0026086374534998727,"atp":-10.418807748228538,"ac":-17.712588535383098,"aconta":0.002182499615124635,"dg_pfl":-7.465877234539072,"dg_aconta":-20.93121641973671,"g3p":-10.319133719572608,"ldh":3.1737250010500965e-13,"v_icdh":4.362413004452324,"pfl":0.008789873329282735,"pfk":0.0004317912235359884,"formate":-5.652717451004201,"acon":-5.889387958597422,"pgi":0.0013080563830238578,"gludy":0.0003182449951919951,"pg2":-17.94201946106088,"pg3":-17.7960955721739,"dg_act":-43.41961937610191,"v_acald":8.724826009472464,"v_pfk":8.724826009374693,"dg_ppc":-23.642002562996947,"v_ptar":3.483575487667998e-10,"acald":0.00098761000366918,"pdh":2.9859396068245127e-14,"dg_ptar":-8.524301797742787,"pgm":0.0007744365565834413,"f6p":-12.025773633692738}