{"dg_pgm":-3.059904329426316,"cs":0.001842122559059245,"dg_acontb":-20.954822847908392,"etoh":-10.535486275779075,"v_fba":8.698883944362029,"v_fort":13.048325916541732,"dg_etoht":-4.131075808764327,"icdh":0.005025727467250474,"v_gapd":17.397767888724058,"dg_pgk":-4.649001090419777,"dg_lact":0.5469352908487236,"v_nh4t":8.698883943634733,"v_cs":4.349441971817374,"accoa":-6.431615532275185,"pgk":0.0020051436220474227,"dhap":-6.906877099485055,"eno":0.0034925476700501563,"nad":-11.716694451067262,"alcd":0.005645823206543052,"fdp":-5.558376370930461,"icit":-15.13473149730176,"dg_eno":-5.625363145266168,"dg_pdh":-28.110248694581692,"cit":-2.3027115508937688,"glu":-20.723251796391516,"v_pgm":17.397767888724058,"v_ldh":2.0569866650285092e-11,"v_pfl":13.048325916541732,"dg_alcd":-6.473937495796663,"dg_pyk":-5.622067255401615,"acetald":-16.468196851377325,"v_ppc":4.349441971817374,"dg_gludy":-17.581126297300806,"v_aconta":4.349441971817374,"tpi":0.00046112572373243195,"v_alcd":8.698883944523937,"dg_pts":-5.132815584190799,"adp":-12.654149768190898,"dg_tpi":-3.2805823362479347,"dg_gapd":-5.164761743669725,"dg_icdh":-22.082529155658527,"act":7.682560832326194e-14,"dg_nh4t":-20.056178845348978,"fort":0.0019867115015076006,"v_ackr":5.448046850262391e-10,"glns":5.05003313720377e-13,"v_glns":4.349441971817367,"etoht":0.0014903276080293225,"dg_pfk":-3.102499406897666,"g6p":-10.136894205988852,"v_pgi":8.698883944362029,"fba":0.0008562067617458131,"lac":-3.2122258376197315,"dg_acald":-3.461303880044361,"dg_pgi":-5.055535757084343,"ptar":2.2987936341946114e-14,"dg_cs":-23.231908932365425,"dg_ldh":-1.3992213748724582,"pep":-18.34013864680895,"ppc":0.0026018705933811143,"v_acontb":4.349441971817375,"dg_glns":-3.07170010241139,"pyr":-12.099680324331,"v_etoht":8.698883944523937,"v_gludy":4.349441971817367,"nh4":-12.695705210847366,"gapd":0.0027322361495587537,"dg_fort":-4.632860904245789,"v_pyk":13.048325916906686,"v_lact":2.056107402987322e-11,"pts":0.0013415473443756185,"dg_fba":-4.34540124455884,"v_burn":17.397767889996153,"pyk":0.001715169670898376,"v_eno":17.397767888724058,"v_pts":8.698883944362029,"lact":-3.1442728245240704e-14,"dpg13":-20.723265759413405,"akg":-20.18892671528424,"actp":-16.907981760372493,"v_act":5.448046746139767e-10,"v_tpi":8.698883944362029,"dg_ackr":-9.72864558960364,"oaa":-14.791009267166178,"ackr":2.0475653316229912e-14,"nh4t":0.0014090374771341676,"gln":-18.953083293214604,"v_pdh":3.443834650257117e-10,"nadh":-11.603365765760259,"mu":4.349441971817367,"v_pgk":17.397767888724058,"acontb":0.0026008836277668906,"atp":-10.351564675196851,"ac":-16.600063630429293,"aconta":0.002176008012574473,"dg_pfl":-7.25832599452656,"dg_aconta":-20.995346220202226,"g3p":-10.690944370234885,"ldh":3.45127690974264e-14,"v_icdh":4.349441971817375,"pfl":0.008795960731433773,"pfk":0.000414662772702677,"formate":-5.727899172727713,"acon":-5.915241276170387,"pgi":0.0012838997228580373,"gludy":0.0003172949619617749,"pg2":-17.80549558094298,"pg3":-17.720821509067765,"dg_act":-46.1775332093773,"v_acald":8.698883944523937,"v_pfk":8.698883944362029,"dg_ppc":-24.193786053146425,"v_ptar":5.448046909578789e-10,"acald":0.0010099917118473452,"pdh":4.685561733443035e-14,"dg_ptar":-10.236474502742961,"pgm":0.0007957012023357064,"f6p":-12.539319463862258}