{"dg_pgm":-3.030429054267979,"cs":0.0015809534621118635,"dg_acontb":-21.16353477295448,"etoh":-11.73813467658606,"v_fba":7.465617677717117,"v_fort":11.198426516805442,"dg_etoht":-1.1497486974491637,"icdh":0.004313213555278435,"v_gapd":14.931235355434234,"dg_pgk":-4.6124353762163866,"dg_lact":-0.9371613714367227,"v_nh4t":7.4656176767942455,"v_cs":3.732808838397513,"accoa":-2.302585093029541,"pgk":0.0017261037999104195,"dhap":-6.912465217509848,"eno":0.0030029700378287876,"nad":-9.563328449420938,"alcd":0.008096449284143345,"fdp":-5.57020700510625,"icit":-15.156366435656503,"dg_eno":-5.586451985501628,"dg_pdh":-38.01144084174247,"cit":-2.302591518613753,"glu":-20.723259324208794,"v_pgm":14.931235355434234,"v_ldh":2.2653988837784825e-11,"v_pfl":11.198426516805442,"dg_alcd":-2.284326510220423,"dg_pyk":-5.557003666410318,"acetald":-15.335555994613006,"v_ppc":3.732808838397513,"dg_gludy":-17.43237747468447,"v_aconta":3.732808838397513,"tpi":0.0003965047331593413,"v_alcd":7.465617677810103,"dg_pts":-5.119966359520276,"adp":-12.658749403688164,"dg_tpi":-3.2701302987019925,"dg_gapd":-5.151887021964382,"dg_icdh":-22.15012566225167,"act":1.1371950693760298e-13,"dg_nh4t":-20.08371749894214,"fort":0.0017102824488566348,"v_ackr":8.064505848693008e-10,"glns":2.277264269159114e-13,"v_glns":3.7328088383971227,"etoht":0.0033560482683452865,"dg_pfk":-3.0923986262192567,"g6p":-10.15795714856607,"v_pgi":7.465617677717117,"fba":0.0007356910254009435,"lac":-2.6135506802488844,"dg_acald":-0.9105395604022402,"dg_pgi":-5.042749939053821,"ptar":3.390057613410264e-14,"dg_cs":-28.45356209891434,"dg_ldh":-0.09461444321425144,"pep":-14.268628178083056,"ppc":0.0022329909235652002,"v_acontb":3.7328088383975127,"dg_glns":-4.092351887498833,"pyr":-8.00192361749384,"v_etoht":7.465617677810103,"v_gludy":3.7328088383971227,"nh4":-12.706814128610363,"gapd":0.0023467369467500554,"dg_fort":-4.596311555571335,"v_pyk":11.19842651703672,"v_lact":2.2654839681695814e-11,"pts":0.001152279367702343,"dg_fba":-4.3333269748842635,"v_burn":14.931235357163088,"pyk":0.0014766255700752475,"v_eno":14.931235355434234,"v_pts":7.465617677717117,"lact":2.339609595569371e-14,"dpg13":-16.694092320337464,"akg":-20.23782965460601,"actp":-13.501481748118564,"v_act":8.064505697767953e-10,"v_tpi":7.465617677717117,"dg_ackr":-16.29536520676713,"oaa":-12.684507547856672,"ackr":3.00729985420006e-14,"nh4t":0.0012092737688598966,"gln":-19.37592417938293,"v_pdh":2.0862604596642364e-10,"nadh":-13.475351454849084,"mu":3.7328088383971227,"v_pgk":14.931235355434234,"acontb":0.002232147082838124,"atp":-10.356164310694117,"ac":-15.84253655917066,"aconta":0.0018675118100845833,"dg_pfl":-7.217348755846917,"dg_aconta":-20.84056417500776,"g3p":-10.692316202769872,"ldh":5.259061647634979e-13,"v_icdh":3.7328088383975127,"pfl":0.00755479844127257,"pfk":0.00035660362624520396,"formate":-5.74264294759463,"acon":-5.852683150995342,"pgi":0.0011028000433505759,"gludy":0.0002723160181428329,"pg2":-13.749681626660859,"pg3":-13.676897693374592,"dg_act":-48.055418710728404,"v_acald":7.465617677810103,"v_pfk":7.465617677717117,"dg_ppc":-29.06498020654621,"v_ptar":8.06450594613847e-10,"acald":0.0025905875026200537,"pdh":2.8383893389008594e-14,"dg_ptar":-12.027604436724586,"pgm":0.0006871123822472283,"f6p":-12.555224688740854}