{"dg_pgm":-3.121641651880284,"cs":0.0018445672013850873,"dg_acontb":-21.12389780423995,"etoh":-10.50620298888051,"v_fba":8.710427112871663,"v_fort":13.065640670129666,"dg_etoht":-4.203668145045264,"icdh":0.0050323954987129575,"v_gapd":17.420854225743327,"dg_pgk":-4.7252242752209765,"dg_lact":-0.7528150478179568,"v_nh4t":8.710427108976848,"v_cs":4.35521355448843,"accoa":-6.700537266430879,"pgk":0.001995530402762631,"dhap":-6.79500076197199,"eno":0.003484144181794995,"nad":-11.492214905894494,"alcd":0.005639866717566514,"fdp":-5.339384383915952,"icit":-15.13122594454082,"dg_eno":-5.706330145228067,"dg_pdh":-27.826822992205177,"cit":-2.303070676611274,"glu":-20.72324615788221,"v_pgm":17.420854225743327,"v_ldh":6.732180113023413e-11,"v_pfl":13.065640670129666,"dg_alcd":-6.557453905753007,"dg_pyk":-5.908633286933524,"acetald":-16.584564504372885,"v_ppc":4.35521355448843,"dg_gludy":-17.413369451755415,"v_aconta":4.35521355448843,"tpi":0.00046819473956963634,"v_alcd":8.710427113366958,"dg_pts":-5.0405533229352715,"adp":-12.500599611604116,"dg_tpi":-3.205788969851405,"dg_gapd":-5.072312665236613,"dg_icdh":-22.296035325613037,"act":4.698817048478691e-13,"dg_nh4t":-20.019105696984884,"fort":0.0019770915744137924,"v_ackr":3.332187346412349e-9,"glns":1.3010488213927378e-12,"v_glns":4.355213554488424,"etoht":0.0014806162233710438,"dg_pfk":-3.0302513245838174,"g6p":-9.984077281347442,"v_pgi":8.710427112871663,"fba":0.0008648190917523765,"lac":-2.687914815084446,"dg_acald":-3.527707622494766,"dg_pgi":-4.96373796579663,"ptar":1.4469819857891007e-13,"dg_cs":-21.640566742088215,"dg_ldh":-0.03855782251690785,"pep":-18.42845266349441,"ppc":0.0026053193957347905,"v_acontb":4.355213554488427,"dg_glns":-7.495714725540586,"pyr":-12.30359325609003,"v_etoht":8.710427113366958,"v_gludy":4.355213554488424,"nh4":-12.680750138516077,"gapd":0.00275182513671033,"dg_fort":-4.708975381691377,"v_pyk":13.065640671254899,"v_lact":6.720635842430145e-11,"pts":0.001351293100567838,"dg_fba":-4.2588062840904,"v_burn":17.420854232970324,"pyk":0.0016960980459461118,"v_eno":17.420854225743327,"v_pts":8.710427112871663,"lact":8.949976249391875e-14,"dpg13":-20.72326581167411,"akg":-20.27154819396633,"actp":-15.936899888602333,"v_act":3.33218814328624e-9,"v_tpi":8.710427112871663,"dg_ackr":-12.687485993822765,"oaa":-15.433305714357044,"ackr":1.2444679024056395e-13,"nh4t":0.001410908387045524,"gln":-20.722741952539657,"v_pdh":1.0579103413792645e-9,"nadh":-11.199545291931672,"mu":4.355213554488424,"v_pgk":17.420854225743327,"acontb":0.002604334230600039,"atp":-10.19801451861007,"ac":-16.82255916479874,"aconta":0.0021788998949381186,"dg_pfl":-7.343366269317164,"dg_aconta":-20.816690848915982,"g3p":-10.548896864269231,"ldh":3.737211874197471e-12,"v_icdh":4.355213554488427,"pfl":0.008793938955599814,"pfk":0.00042145036119170466,"formate":-5.697195076477834,"acon":-5.843531961039013,"pgi":0.0012935288727958347,"gludy":0.0003177225532057691,"pg2":-17.86114802464883,"pg3":-17.751569509434418,"dg_act":-45.62597386059583,"v_acald":8.710427113366958,"v_pfk":8.710427112871663,"dg_ppc":-25.567090867878473,"v_ptar":3.332187376247076e-9,"acald":0.001000639560938846,"pdh":1.439340172019417e-13,"dg_ptar":-7.162545026767529,"pgm":0.0007868159660902229,"f6p":-12.349471893884827}