{"NH4t":8.56225695075803,"PFK":8.56225695144734,"ACALD":8.562256951700958,"PTAr":5.798564798080277e-10,"PGI":8.56225695144734,"ALCD2x":8.562256951700958,"PGK":17.12451390289468,"ICDHyr":4.281128475379014,"PDH":3.63070201006246e-10,"TPI":8.56225695144734,"LDH_D":-1.44165866184211e-10,"PYK":12.843385427515663,"CS":4.281128475379016,"ACONTb":4.281128475379014,"PGM":17.12451390289468,"ACKr":5.798564731463551e-10,"ACONTa":4.281128475379016,"ETOHt2r":8.562256951700958,"GLCpts":8.56225695144734,"GLUDy":4.281128475379015,"GLNS":4.281128475379015,"D_LACt2":-1.441551532454687e-10,"PFL":12.84338542729676,"ENO":17.12451390289468,"FBA":8.56225695144734,"GAPD":17.12451390289468,"FORt2":12.84338542729676,"BURN":17.12451390416384,"PPC":4.281128475379016,"ACt2r":5.798564099783694e-10}