{"NH4t":27.583962581016014,"PFK":13.791960713897202,"ACALD":1.683124803438726e-7,"PTAr":-4.438391229706581e-5,"PGI":13.791960713897202,"ALCD2x":1.6831245271612104e-7,"PGK":27.5839214277944,"ICDHyr":13.791981290508007,"PDH":13.79193707490819,"TPI":13.791960713897202,"LDH_D":3.0623781981072365e-6,"PYK":13.791940137286389,"CS":13.791981290508009,"ACONTb":13.791981290508007,"PGM":27.5839214277944,"ACKr":-4.4383911075184925e-5,"ACONTa":13.791981290508009,"ETOHt2r":1.683124633809795e-7,"GLCpts":13.791960713897202,"GLUDy":13.791981290508007,"GLNS":13.791981290508007,"THD2":41.375855103699465,"D_LACt2":3.0623895488339068e-6,"ENO":27.5839214277944,"FBA":13.791960713897202,"GAPD":27.5839214277944,"ACt2r":-4.4383910189712064e-5,"PPC":13.791981290508009}