{"NH4t":8.562254853227618,"PFK":8.562254840269995,"ACALD":8.562254838016623,"PTAr":-1.3924139954132945e-8,"PGI":8.562254840269995,"ALCD2x":8.562254838016623,"PGK":17.12450968053999,"ICDHyr":4.281127426613754,"PDH":-1.2867415430349408e-9,"TPI":8.562254840269995,"LDH_D":3.2200044015915842e-9,"PYK":12.84338225392624,"CS":4.281127426613751,"ACONTb":4.281127426613754,"PGM":17.12450968053999,"ACKr":-1.3924139626079785e-8,"ACONTa":4.281127426613751,"ETOHt2r":8.562254838016623,"GLCpts":8.562254840269995,"GLUDy":4.281127426613809,"GLNS":4.281127426613809,"D_LACt2":3.220007115204128e-9,"PFL":12.843382251992978,"ENO":17.12450968053999,"FBA":8.562254840269995,"GAPD":17.12450968053999,"FORt2":12.843382251992978,"BURN":17.1245096536583,"PPC":4.281127426613751,"ACt2r":-1.3924139344847614e-8}