{"NH4t":5.586286354109656,"PFK":8.707648391151304,"ACALD":8.756255183813373,"PTAr":1.353883175146929,"PGI":8.707648391151304,"ALCD2x":8.756255183813373,"PGK":17.415296782302608,"ICDHyr":2.7931431770548283,"PDH":1.4302861506580118,"TPI":8.707648391151304,"LDH_D":1.7188720692326431,"PYK":14.622153605247776,"CS":2.7931431770548296,"ACONTb":2.7931431770548287,"PGM":17.415296782302608,"ACKr":1.3538831751469287,"ACONTa":2.793143177054829,"ETOHt2r":8.756255183813373,"GLCpts":8.707648391151304,"GLUDy":2.7931431770548283,"GLNS":2.793143177054828,"THD2":-0.38579950389876877,"D_LACt2":1.718872069232643,"PFL":11.472995385357121,"ENO":17.415296782302608,"FBA":8.707648391151304,"GAPD":17.415296782302608,"FORt2":11.472995385357121,"ACt2r":1.3538831751469285,"PPC":2.79314317705483}