{"dg_pgm":-2.768492617326682,"cs":0.0018131833947069415,"dg_acontb":-21.025534361616096,"etoh":-10.675657107944073,"v_fba":8.562257073036568,"v_fort":12.843385609541338,"dg_etoht":-3.783596776764031,"icdh":0.004946789304897628,"v_gapd":17.124514146073135,"dg_pgk":-4.282234538235875,"dg_lact":-0.26278090726266584,"v_nh4t":8.562257073110304,"v_cs":4.281128536555151,"accoa":-3.4174425856478736,"pgk":0.0020409795439905306,"dhap":-6.782529183546217,"eno":0.003509764481451156,"nad":-10.706831454020303,"alcd":0.0056318208232794785,"fdp":-5.328882158981733,"icit":-15.123309100052644,"dg_eno":-5.232864686714676,"dg_pdh":-31.59959917305512,"cit":-2.3204911521119573,"glu":-20.72326534804996,"v_pgm":17.124514146073135,"v_ldh":5.8400846809903715e-12,"v_pfl":12.843385609541338,"dg_alcd":-6.067324728756405,"dg_pyk":-5.204082133642955,"acetald":-15.049626090696758,"v_ppc":4.281128536555151,"dg_gludy":-17.702491754402736,"v_aconta":4.281128536555151,"tpi":0.0004802987413665045,"v_alcd":8.562257073019051,"dg_pts":-4.776208153913895,"adp":-12.698189654307201,"dg_tpi":-2.9948565840891206,"dg_gapd":-4.8073817170601165,"dg_icdh":-22.030347946878155,"act":-8.75082176496837e-15,"dg_nh4t":-20.01534395042017,"fort":0.002022732887188674,"v_ackr":-6.205777234741744e-11,"glns":1.878949085951785e-14,"v_glns":4.281128536555152,"etoht":0.001530695107725782,"dg_pfk":-2.826900873873234,"g6p":-10.161653576480475,"v_pgi":8.562257073036568,"fba":0.0008735872774539509,"lac":-2.885591471645513,"dg_acald":-3.1460673502135723,"dg_pgi":-4.7008477508594035,"ptar":-2.6026468295602057e-15,"dg_cs":-26.27161689992704,"dg_ldh":-3.0095273263631284,"pep":-15.809763041403441,"ppc":0.0025609997197725384,"v_acontb":4.281128536555151,"dg_glns":-2.1924613257963452,"pyr":-9.400692178444343,"v_etoht":8.562257073019051,"v_gludy":4.281128536555152,"nh4":-12.679232673869839,"gapd":0.0027554435541821123,"dg_fort":-4.266648332706398,"v_pyk":12.843385609517984,"v_lact":5.84004201277344e-12,"pts":0.0013534652482453304,"dg_fba":-4.012075287687724,"v_burn":17.12451414593734,"pyk":0.0017263078743727962,"v_eno":17.124514146073135,"v_pts":8.562257073036568,"lact":1.9869264599796182e-14,"dpg13":-18.61672646357852,"akg":-20.156454750192093,"actp":-15.777452383326771,"v_act":-6.205776466763465e-11,"v_tpi":8.562257073036568,"dg_ackr":-12.18184873425562,"oaa":-13.582590001365185,"ackr":-2.3170090662305614e-15,"nh4t":0.0013869056669634523,"gln":-18.581944975791934,"v_pdh":-2.9193594303611356e-11,"nadh":-12.316269366454401,"mu":4.281128536555152,"v_pgk":17.124514146073135,"acontb":0.002560028503255694,"atp":-10.395604561313156,"ac":-16.4591408039606,"aconta":0.002141828305578894,"dg_pfl":-6.843205475786153,"dg_aconta":-20.852243881647677,"g3p":-10.451336502578911,"ldh":5.2679526865877146e-15,"v_icdh":4.281128536555151,"pfl":0.008734050973177698,"pfk":0.00043362735570686805,"formate":-5.875626995631042,"acon":-5.875294303890088,"pgi":0.001296544900336233,"gludy":0.00031231259805569153,"pg2":-15.433451358130348,"pg3":-15.466330918059882,"dg_act":-41.81161238795829,"v_acald":8.562257073019051,"v_pfk":8.562257073036568,"dg_ppc":-27.47087374776552,"v_ptar":-6.205777376785347e-11,"acald":0.0010519694068104493,"pdh":-3.97157823474731e-15,"dg_ptar":-14.905966964779116,"pgm":0.0008366644312933582,"f6p":-12.42099994782282}