{"dg_pgm":-2.7685123747960225,"cs":0.00181318274005609,"dg_acontb":-20.70946883453647,"etoh":-10.675666051825928,"v_fba":8.562253114152602,"v_fort":12.843379671222074,"dg_etoht":-3.7835746051655494,"icdh":0.004946797589251182,"v_gapd":17.124506228305204,"dg_pgk":-4.282259818895969,"dg_lact":-0.26252287861871987,"v_nh4t":8.562253114161697,"v_cs":4.2811265570808485,"accoa":-3.417470210007298,"pgk":0.002040973368306999,"dhap":-6.782560282051696,"eno":0.0035097572228580164,"nad":-10.70813375557887,"alcd":0.005631823669871436,"fdp":-5.328942853485668,"icit":-14.774245223589485,"dg_eno":-5.2328919182828235,"dg_pdh":-31.599548749595552,"cit":-2.3025853350211913,"glu":-20.72326555494771,"v_pgm":17.124506228305204,"v_ldh":4.447240954075221e-12,"v_pfl":12.843379671222074,"dg_alcd":-6.0672983920474834,"dg_pyk":-5.2040043848901245,"acetald":-15.049645658639536,"v_ppc":4.2811265570808485,"dg_gludy":-18.48548401239459,"v_aconta":4.2811265570808485,"tpi":0.00048029636493913947,"v_alcd":8.562253114149293,"dg_pts":-4.776234566242365,"adp":-12.66588853198651,"dg_tpi":-2.9948774032764347,"dg_gapd":-4.8074081880901325,"dg_icdh":-21.768850154197928,"act":-1.4432429333875908e-15,"dg_nh4t":-20.35916823879578,"fort":0.0020227368095738526,"v_ackr":-1.0235258491123184e-11,"glns":1.3979564726552413e-14,"v_glns":4.2811265570808485,"etoht":0.001530698988531897,"dg_pfk":-2.826920915987852,"g6p":-10.161695594398392,"v_pgi":8.562253114152602,"fba":0.0008735843337733398,"lac":-2.885695558759881,"dg_acald":-3.1460473786131025,"dg_pgi":-4.700874007407135,"ptar":-4.291694798617473e-16,"dg_cs":-26.566314980570812,"dg_ldh":-3.0096664516396356,"pep":-15.809842369618403,"ppc":0.002560998961639192,"v_acontb":4.2811265570808485,"dg_glns":-2.751787536663568,"pyr":-9.400740143306754,"v_etoht":8.562253114149293,"v_gludy":4.2811265570808485,"nh4":-12.817929205694256,"gapd":0.0027554368017734783,"dg_fort":-4.266624860920815,"v_pyk":12.843379671224355,"v_lact":4.447671219540612e-12,"pts":0.0013534618893522774,"dg_fba":-4.0120998315421295,"v_burn":17.124506228285874,"pyk":0.0017263151214930122,"v_eno":17.124506228305204,"v_pts":8.562253114152602,"lact":1.5154562161100113e-14,"dpg13":-18.616776638656983,"akg":-19.70190432681906,"actp":-15.831510019210569,"v_act":-1.0235294020700446e-11,"v_tpi":8.562253114152602,"dg_ackr":-12.783574485515473,"oaa":-13.445804852294378,"ackr":-3.818453694715552e-16,"nh4t":0.00138690123090451,"gln":-18.94627035166562,"v_pdh":-2.168588743008371e-12,"nadh":-12.31757166801297,"mu":4.2811265570808485,"v_pgk":17.124506228305204,"acontb":0.0025600393804728174,"atp":-10.363303438992466,"ac":-16.755930782005205,"aconta":0.0021418433273642833,"dg_pfl":-6.843178524112168,"dg_aconta":-20.347379118648373,"g3p":-10.45137599941218,"ldh":4.011086050225315e-15,"v_icdh":4.2811265570808485,"pfl":0.00873405251267431,"pfk":0.0004336250812670541,"formate":-5.875636464000109,"acon":-5.65372925144052,"pgi":0.0012965415838439558,"gludy":0.00031230011289138716,"pg2":-15.433519701303863,"pg3":-15.466391291195887,"dg_act":-51.49917866685436,"v_acald":8.562253114149293,"v_pfk":8.562253114152602,"dg_ppc":-27.131591064286088,"v_ptar":-1.0235258809540829e-11,"acald":0.0010519730536413085,"pdh":-2.94941756182996e-16,"dg_ptar":-15.039905643842921,"pgm":0.0008366599554872923,"f6p":-12.421052557465147}