{"dg_pgm":-2.7685123757956185,"cs":0.0018131837184826745,"dg_acontb":-21.08939137026497,"etoh":-10.675666052037808,"v_fba":8.562256698080105,"v_fort":12.843385047108722,"dg_etoht":-3.7835746046403074,"icdh":0.0049467871496052165,"v_gapd":17.12451339616021,"dg_pgk":-4.282259819179037,"dg_lact":-0.959885525974904,"v_nh4t":8.562256698043702,"v_cs":4.281128349021851,"accoa":-3.417470210629057,"pgk":0.002040974222544339,"dhap":-6.782560282726187,"eno":0.0035097586918756496,"nad":-10.442216104299339,"alcd":0.0056318260273150195,"fdp":-5.328942854789374,"icit":-15.130664670672488,"dg_eno":-5.232891918629962,"dg_pdh":-31.59954874847877,"cit":-2.302835602030334,"glu":-20.723259627873645,"v_pgm":17.12451339616021,"v_ldh":2.18533187864811e-11,"v_pfl":12.843385047108722,"dg_alcd":-6.067298391478778,"dg_pyk":-5.204004383245829,"acetald":-15.049645659080827,"v_ppc":4.281128349021851,"dg_gludy":-17.40899773182901,"v_aconta":4.281128349021851,"tpi":0.00048029656592786155,"v_alcd":8.562256698073071,"dg_pts":-4.776234566812687,"adp":-12.879506412836045,"dg_tpi":-2.994877403752768,"dg_gapd":-4.807408188614343,"dg_icdh":-22.061095888234043,"act":3.0436989016388163e-15,"dg_nh4t":-20.259841626027413,"fort":0.0020227376563423257,"v_ackr":2.1584395932879485e-11,"glns":1.5618225553439484e-14,"v_glns":4.281128349021851,"etoht":0.0015306996293485411,"dg_pfk":-2.8269209163040916,"g6p":-10.161695595291755,"v_pgi":8.562256698080105,"fba":0.0008735846993737536,"lac":-2.604383900793081,"dg_acald":-3.14604737816572,"dg_pgi":-4.700874008108126,"ptar":9.085136844810537e-16,"dg_cs":-26.24538786767265,"dg_ldh":-2.312303801625348,"pep":-15.809842371353962,"ppc":0.0025609998450056713,"v_acontb":4.281128349021851,"dg_glns":-3.2218023369596107,"pyr":-9.400740144379016,"v_etoht":8.562256698073071,"v_gludy":4.281128349021851,"nh4":-12.777861481642748,"gapd":0.0027554379550028605,"dg_fort":-4.266624860404258,"v_pyk":12.843385047138359,"v_lact":2.1872677831283957e-11,"pts":0.0013534624558170687,"dg_fba":-4.0120998321307,"v_burn":17.124513396218195,"pyk":0.0017263158442489908,"v_eno":17.12451339616021,"v_pts":8.562256698080105,"lact":2.0867047064994766e-14,"dpg13":-18.61677663973509,"akg":-20.176213844853102,"actp":-14.281556280749264,"v_act":2.158320462619496e-11,"v_tpi":8.562256698080105,"dg_ackr":-15.32047466339381,"oaa":-13.575515076125338,"ackr":8.052451852148371e-16,"nh4t":0.0013869034957862776,"gln":-19.095797682527653,"v_pdh":7.786232390916538e-12,"nadh":-12.051654016733439,"mu":4.281128349021851,"v_pgk":17.12451339616021,"acontb":0.0025600288409073917,"atp":-10.576921319841999,"ac":-16.229346445161305,"aconta":0.002141831691115972,"dg_pfl":-6.843178523511945,"dg_aconta":-20.850388645238816,"g3p":-10.45137600027882,"ldh":2.37335214734616e-14,"v_icdh":4.281128349021851,"pfl":0.00873405616863278,"pfk":0.00043362526273915984,"formate":-5.875636464208483,"acon":-5.856890363237109,"pgi":0.001296542126469766,"gludy":0.0003123142538314596,"pg2":-15.43351970289939,"pg3":-15.466391292388183,"dg_act":-46.64455997667354,"v_acald":8.562256698073071,"v_pfk":8.562256698080105,"dg_ppc":-27.453138576832764,"v_ptar":2.1584396060890648e-11,"acald":0.001051973494064447,"pdh":1.0593913690714269e-15,"dg_ptar":-11.197619651933755,"pgm":0.000836660305481107,"f6p":-12.421052558641287}