{"dg_pgm":-2.768512469525005,"cs":0.0018131830683064333,"dg_acontb":-21.203459753071577,"etoh":-10.6756660959214,"v_fba":8.562254843045212,"v_fort":12.843382257408269,"dg_etoht":-3.7835744958542783,"icdh":0.004946788263407128,"v_gapd":17.124509686090423,"dg_pgk":-4.282259940432103,"dg_lact":-1.2870389104564322,"v_nh4t":8.562254853435407,"v_cs":4.28112742671762,"accoa":-3.417470346217466,"pgk":0.002040973755208344,"dhap":-6.782560428835477,"eno":0.0035097579041415373,"nad":-10.712474724720858,"alcd":0.005631824832294041,"fdp":-5.3289431391049416,"icit":-15.083362259250944,"dg_eno":-5.232892050393038,"dg_pdh":-31.59954850512569,"cit":-2.302709265683156,"glu":-20.7231484811575,"v_pgm":17.124509686090423,"v_ldh":3.217968280491733e-9,"v_pfl":12.843382257408269,"dg_alcd":-6.067298262721024,"dg_pyk":-5.204004031251725,"acetald":-15.04964575490448,"v_ppc":4.28112742671762,"dg_gludy":-17.438501365752057,"v_aconta":4.28112742671762,"tpi":0.0004802964517611031,"v_alcd":8.56225484080951,"dg_pts":-4.776234695577492,"adp":-12.694722304273402,"dg_tpi":-2.9948775012117563,"dg_gapd":-4.807408313676104,"dg_icdh":-22.379900120522258,"act":-1.6036218411334072e-12,"dg_nh4t":-20.02851940315885,"fort":0.002022737240505076,"v_ackr":-1.1372295851143005e-8,"glns":1.4256921460853257e-12,"v_glns":4.2811274267177035,"etoht":0.0015306993197902836,"dg_pfk":-2.8269210127843274,"g6p":-10.161695789226846,"v_pgi":8.562254843045212,"fba":0.0008735844979689153,"lac":-2.4724123056024614,"dg_acald":-3.1460472795901557,"dg_pgi":-4.700874135678215,"ptar":-4.821807509181453e-13,"dg_cs":-26.52512052294892,"dg_ldh":-1.9851498376713772,"pep":-15.809842747101646,"ppc":0.002560999412649788,"v_acontb":4.281127426717622,"dg_glns":-2.864415448022163,"pyr":-9.400740378134515,"v_etoht":8.56225484080951,"v_gludy":4.2811274267177035,"nh4":-12.68454756773235,"gapd":0.002755437332085835,"dg_fort":-4.266624746534197,"v_pyk":12.843382259372804,"v_lact":3.217970991467522e-9,"pts":0.0013534621492317569,"dg_fba":-4.012099949181005,"v_burn":17.124509664328087,"pyk":0.0017263155057175637,"v_eno":17.124509686090423,"v_pts":8.562254843045212,"lact":2.3347918885502095e-12,"dpg13":-18.616776875607833,"akg":-20.257515033713034,"actp":-14.135017641427458,"v_act":-1.1372295620654183e-8,"v_tpi":8.562254843045212,"dg_ackr":-14.845850631703183,"oaa":-13.46254636523809,"ackr":-4.2189756358778517e-13,"nh4t":0.001386905523929149,"gln":-18.858205023243883,"v_pdh":-1.2534347950452383e-9,"nadh":-12.321912637154956,"mu":4.2811274267177035,"v_pgk":17.124509686090423,"acontb":0.0025600304256763033,"atp":-10.392137211279357,"ac":-15.891347489213763,"aconta":0.0021418332626091116,"dg_pfl":-6.843178394028914,"dg_aconta":-20.619372273701444,"g3p":-10.451376185702445,"ldh":3.9434762536050364e-12,"v_icdh":4.281127426717622,"pfl":0.008734054298253711,"pfk":0.0004336251587864807,"formate":-5.875636510142942,"acon":-5.763573491461869,"pgi":0.001296541832340384,"gludy":0.00031231646787816057,"pg2":-15.433520025494687,"pg3":-15.46639157717364,"dg_act":-45.86966276013612,"v_acald":8.56225484080951,"v_pfk":8.562254843045212,"dg_ppc":-27.173091806305944,"v_ptar":-1.1372296121430861e-8,"acald":0.001051973286239398,"pdh":-1.7051787729106063e-13,"dg_ptar":-10.83435469252785,"pgm":0.000836660104772161,"f6p":-12.421052804037338}