{"dg_pgm":-2.7685124376710184,"cs":0.001813183328741629,"dg_acontb":-20.78792609185278,"etoh":-10.675666076618825,"v_fba":8.56225605448272,"v_fort":12.843384078986285,"dg_etoht":-3.7835745437047463,"icdh":0.004946787545147945,"v_gapd":17.12451210896544,"dg_pgk":-4.282259899403353,"dg_lact":-1.6995162667977035,"v_nh4t":8.56225606326094,"v_cs":4.281128031630453,"accoa":-3.4174702865862545,"pgk":0.002040974052503643,"dhap":-6.782560404257005,"eno":0.0035097584101107387,"nad":-10.707919066333611,"alcd":0.005631825606023307,"fdp":-5.328943092978201,"icit":-15.030088281473166,"dg_eno":-5.232892005221447,"dg_pdh":-31.599548617529564,"cit":-2.3029386412776316,"glu":-20.723058088377602,"v_pgm":17.12451210896544,"v_ldh":1.880676442317661e-8,"v_pfl":12.843384078986285,"dg_alcd":-6.067298319140821,"dg_pyk":-5.204004023636144,"acetald":-15.049645712842512,"v_ppc":4.281128031630452,"dg_gludy":-17.555978782228415,"v_aconta":4.2811280316304545,"tpi":0.00048029652304516264,"v_alcd":8.56225603484961,"dg_pts":-4.77623465078598,"adp":-12.663472297245264,"dg_tpi":-2.9948774691816222,"dg_gapd":-4.807408272077648,"dg_icdh":-22.33863437094047,"act":-1.1214761721017934e-12,"dg_nh4t":-20.084148150906415,"fort":0.0020227375164846065,"v_ackr":-7.952480142902252e-9,"glns":1.3179143699471968e-13,"v_glns":4.28112803163047,"etoht":0.001530699523370503,"dg_pfk":-2.8269209798928947,"g6p":-10.161695774230308,"v_pgi":8.562256054482718,"fba":0.0008735846256773391,"lac":-2.306021562671172,"dg_acald":-3.146047323143736,"dg_pgi":-4.70087409139887,"ptar":-3.974061391870274e-13,"dg_cs":-26.528101513445986,"dg_ldh":-1.572672741557849,"pep":-15.809842645199502,"ppc":0.0025609997786842434,"v_acontb":4.281128031630455,"dg_glns":-3.006931359291159,"pyr":-9.400740273160293,"v_etoht":8.56225603484961,"v_gludy":4.28112803163047,"nh4":-12.706987850874578,"gapd":0.002755437730587164,"dg_fort":-4.266624799335033,"v_pyk":12.84338407733499,"v_lact":1.8806780834106285e-8,"pts":0.001353462345380425,"dg_fba":-4.012099909639096,"v_burn":17.124512092234788,"pyk":0.0017263157511010368,"v_eno":17.12451210896544,"v_pts":8.562256054482718,"lact":1.0659887028980335e-11,"dpg13":-18.616776821328056,"akg":-20.18759471493018,"actp":-11.52348056474538,"v_act":-7.952480012412168e-9,"v_tpi":8.56225605448272,"dg_ackr":-19.00831632562609,"oaa":-13.461573228219805,"ackr":-2.9633395992828707e-13,"nh4t":0.00138690429776211,"gln":-18.938044926066336,"v_pdh":-2.0459078165631803e-8,"nadh":-12.317356978767712,"mu":4.28112803163047,"v_pgk":17.12451210896544,"acontb":0.0025600293704273695,"atp":-10.360887204251217,"ac":-14.958922607637982,"aconta":0.0021418321477405557,"dg_pfl":-6.843178453631954,"dg_aconta":-20.902272824654645,"g3p":-10.451376148203222,"ldh":2.8038496832215143e-11,"v_icdh":4.281128031630455,"pfl":0.008734055524702019,"pfk":0.0004336252235555087,"formate":-5.875636488843421,"acon":-5.877923150570353,"pgi":0.0012965420203822557,"gludy":0.0003123150904964341,"pg2":-15.433519941814474,"pg3":-15.466391506343124,"dg_act":-44.53783440980225,"v_acald":8.56225603484961,"v_pfk":8.56225605448272,"dg_ppc":-27.17067968321988,"v_ptar":-7.952480263114862e-9,"acald":0.0010519734239462428,"pdh":-2.7833902001165804e-12,"dg_ptar":-4.360437539424313,"pgm":0.0008366602297671396,"f6p":-12.421052771178795}