{"dg_pgm":-2.768512366527665,"cs":0.001813183847499707,"dg_acontb":-20.805135736268483,"etoh":-10.6756660476698,"v_fba":8.562257101865992,"v_fort":12.843385652925916,"dg_etoht":-3.7835746154684586,"icdh":0.004946790913197837,"v_gapd":17.124514203731984,"dg_pgk":-4.28225980791235,"dg_lact":0.2974860516126867,"v_nh4t":8.562257101215723,"v_cs":4.281128550607862,"accoa":-3.4174701972534764,"pgk":0.0020409743210808217,"dhap":-6.78256026761607,"eno":0.003509758859573806,"nad":-10.89474421811078,"alcd":0.005631826290330082,"fdp":-5.3289428252903095,"icit":-15.127335756673046,"dg_eno":-5.232891907846858,"dg_pdh":-31.5995487748519,"cit":-2.302687308671421,"glu":-20.723250820266234,"v_pgm":17.124514203731984,"v_ldh":-1.4784554357311638e-10,"v_pfl":12.843385652925916,"dg_alcd":-6.067298404472428,"dg_pyk":-5.204004416373771,"acetald":-15.049645649471262,"v_ppc":4.281128550607862,"dg_gludy":-17.68441107093528,"v_aconta":4.281128550607862,"tpi":0.000480296589683267,"v_alcd":8.56225710211294,"dg_pts":-4.776234551808035,"adp":-12.65095090636243,"dg_tpi":-2.994877392883006,"dg_gapd":-4.8074081756006635,"dg_icdh":-21.94529882249415,"act":7.772232869821085e-14,"dg_nh4t":-20.10845579074449,"fort":0.0020227377492080135,"v_ackr":5.51163658938842e-10,"glns":5.151644279527454e-13,"v_glns":4.281128550607861,"etoht":0.0015306996992942505,"dg_pfk":-2.8269209058390543,"g6p":-10.161695575875376,"v_pgi":8.562257101865992,"fba":0.0008735847418533052,"lac":-3.1115996005620343,"dg_acald":-3.1460473875015516,"dg_pgi":-4.7008739935785115,"ptar":2.3130923274875815e-14,"dg_cs":-26.187548224979086,"dg_ldh":-3.5696754387436918,"pep":-15.809842333976032,"ppc":0.002560999935153767,"v_acontb":4.281128550607862,"dg_glns":-4.4989995193638,"pyr":-9.400740120364686,"v_etoht":8.56225710211294,"v_gludy":4.281128550607861,"nh4":-12.71679339823223,"gapd":0.0027554380875911434,"dg_fort":-4.266624872477683,"v_pyk":12.84338565312412,"v_lact":-1.4784423730291603e-10,"pts":0.0013534625211759094,"dg_fba":-4.012099819473182,"v_burn":17.124514204933412,"pyk":0.0017263159220634156,"v_eno":17.124514203731984,"v_pts":8.562257101865992,"lact":4.469270250221944e-13,"dpg13":-18.616776614990542,"akg":-20.126173130796,"actp":-15.376407252109114,"v_act":5.511636387537665e-10,"v_tpi":8.562257101865992,"dg_ackr":-11.286730106644537,"oaa":-13.598698926872538,"ackr":2.0614915524057707e-14,"nh4t":0.0013869050644577726,"gln":-19.549934014206382,"v_pdh":3.4604945713870123e-10,"nadh":-12.50418213054488,"mu":4.281128550607861,"v_pgk":17.124514203731984,"acontb":0.0025600325395977574,"atp":-10.348365813368385,"ac":-15.69701050971495,"aconta":0.0021418288701318274,"dg_pfl":-6.843178537811637,"dg_aconta":-21.126759621890685,"g3p":-10.45137598078391,"ldh":-1.2036322766186241e-13,"v_icdh":4.281128550607862,"pfl":0.008734056577600846,"pfk":0.00043362528425210046,"formate":-5.875636459338141,"acon":-5.968228364635436,"pgi":0.0012965421890811203,"gludy":0.0003123062072192879,"pg2":-15.433519669871295,"pg3":-15.466391263098721,"dg_act":-44.68761315661735,"v_acald":8.56225710211294,"v_pfk":8.562257101865992,"dg_ppc":-27.510610697667722,"v_ptar":5.51163665058216e-10,"acald":0.0010519735417140411,"pdh":4.708226956385743e-14,"dg_ptar":-13.911720399460297,"pgm":0.0008366603468004652,"f6p":-12.421052533363751}