{"dg_pgm":-2.7685123665602944,"cs":0.0018131838456474337,"dg_acontb":-20.806731520447393,"etoh":-10.675666047677417,"v_fba":8.562257092614164,"v_fort":12.843385639048249,"dg_etoht":-3.7835746154495777,"icdh":0.0049467908996654545,"v_gapd":17.12451418522833,"dg_pgk":-4.28225980793203,"dg_lact":0.294248327544107,"v_nh4t":8.562257091960412,"v_cs":4.281128545980205,"accoa":-3.417470197278157,"pgk":0.0020409743189273625,"dhap":-6.782560267632392,"eno":0.0035097588557821448,"nad":-10.894627322004405,"alcd":0.005631826284249941,"fdp":-5.328942825318881,"icit":-15.127451292646333,"dg_eno":-5.232891907843489,"dg_pdh":-31.599548774809495,"cit":-2.30268746623653,"glu":-20.723250800476013,"v_pgm":17.12451418522833,"v_ldh":-1.477664399310521e-10,"v_pfl":12.843385639048249,"dg_alcd":-6.067298404450007,"dg_pyk":-5.204004416377064,"acetald":-15.049645649487926,"v_ppc":4.281128545980205,"dg_gludy":-17.68180500203408,"v_aconta":4.281128545980205,"tpi":0.0004802965891606296,"v_alcd":8.56225709286187,"dg_pts":-4.776234551835558,"adp":-12.650958603880435,"dg_tpi":-2.994877392892214,"dg_gapd":-4.807408175602336,"dg_icdh":-21.947197362867765,"act":7.809635670885712e-14,"dg_nh4t":-20.108876860211915,"fort":0.0020227377470265896,"v_ackr":5.538161932799845e-10,"glns":5.154345839335174e-13,"v_glns":4.281128545980206,"etoht":0.0015306996976444118,"dg_pfk":-2.8269209058423668,"g6p":-10.161695575885146,"v_pgi":8.562257092614164,"fba":0.0008735847409057154,"lac":-3.1102935232588917,"dg_acald":-3.146047387481686,"dg_pgi":-4.700873993621804,"ptar":2.324188530102142e-14,"dg_cs":-26.18739734001523,"dg_ldh":-3.566437714571538,"pep":-15.809842334016485,"ppc":0.0025609999323047044,"v_acontb":4.281128545980206,"dg_glns":-4.500375748649482,"pyr":-9.40074012040647,"v_etoht":8.56225709286187,"v_gludy":4.281128545980206,"nh4":-12.716963254978142,"gapd":0.0027554380846135083,"dg_fort":-4.266624872457845,"v_pyk":12.843385639248124,"v_lact":-1.4775873211793756e-10,"pts":0.001353462519725919,"dg_fba":-4.0120998194924935,"v_burn":17.1245141864359,"pyk":0.0017263159201320447,"v_eno":17.12451418522833,"v_pts":8.562257092614164,"lact":4.5156734912290744e-13,"dpg13":-18.61677661501125,"akg":-20.127054525884688,"actp":-15.389629423932904,"v_act":5.538161034448979e-10,"v_tpi":8.562257092614164,"dg_ackr":-11.337668342950668,"oaa":-13.598759950472706,"ackr":2.0712075311428152e-14,"nh4t":0.0013869050621017512,"gln":-19.550659013305566,"v_pdh":3.476431977121509e-10,"nadh":-12.5040652344385,"mu":4.281128545980206,"v_pgk":17.12451418522833,"acontb":0.0025600325293519866,"atp":-10.348373510886388,"ac":-15.730780842188738,"aconta":0.0021418288939259083,"dg_pfl":-6.843178537789078,"dg_aconta":-21.125449857113736,"g3p":-10.451375980803947,"ldh":-1.203583937547995e-13,"v_icdh":4.281128545980206,"pfl":0.008734056568168216,"pfk":0.0004336252837890009,"formate":-5.875636459346143,"acon":-5.96770017141728,"pgi":0.0012965421876912895,"gludy":0.00031230625116199717,"pg2":-15.433519669913107,"pg3":-15.466391263127372,"dg_act":-45.29875722816279,"v_acald":8.56225709286187,"v_pfk":8.562257092614164,"dg_ppc":-27.510761973130183,"v_ptar":5.538161994572432e-10,"acald":0.0010519735405972131,"pdh":4.7299094760164604e-14,"dg_ptar":-13.94449774255467,"pgm":0.0008366603459003352,"f6p":-12.421052533390986}