{"dg_pgm":-2.7685124672883785,"cs":0.0018131830694865189,"dg_acontb":-21.20378381585895,"etoh":-10.675666094944159,"v_fba":8.562254846298243,"v_fort":12.843382264277853,"dg_etoht":-3.7835744982768302,"icdh":0.0049467882595226045,"v_gapd":17.124509692596487,"dg_pgk":-4.282259937568555,"dg_lact":-1.2891652890354697,"v_nh4t":8.562254852636801,"v_cs":4.281127426318215,"accoa":-3.4174703431975444,"pgk":0.0020409737565758247,"dhap":-6.782560425294607,"eno":0.003509757906113853,"nad":-10.712481368552716,"alcd":0.005631824833856577,"fdp":-5.328943132197653,"icit":-15.083013077923011,"dg_eno":-5.232892047300671,"dg_pdh":-31.5995485110781,"cit":-2.302709148054391,"glu":-20.72314933511846,"v_pgm":17.12450969259649,"v_ldh":3.2192435802445423e-9,"v_pfl":12.843382264277853,"dg_alcd":-6.067298265597678,"dg_pyk":-5.204004040113955,"acetald":-15.049645752766814,"v_ppc":4.281127426318215,"dg_gludy":-17.439002059730303,"v_aconta":4.281127426318215,"tpi":0.00048029645218626126,"v_alcd":8.56225484407921,"dg_pts":-4.7762346925740635,"adp":-12.694793448582793,"dg_tpi":-2.994877498866681,"dg_gapd":-4.807408310690476,"dg_icdh":-22.380202509483766,"act":-1.0347951128927319e-12,"dg_nh4t":-20.028584046560383,"fort":0.002022737241012724,"v_ackr":-7.3383938307052015e-9,"glns":1.4179139385067305e-12,"v_glns":4.281127426318401,"etoht":0.001530699319873118,"dg_pfk":-2.8269210105121045,"g6p":-10.161695784440312,"v_pgi":8.562254846298243,"fba":0.0008735844985879667,"lac":-2.4715545380036343,"dg_acald":-3.1460472817772414,"dg_pgi":-4.700874132693156,"ptar":-3.145724334205675e-13,"dg_cs":-26.52580610223866,"dg_ldh":-1.983023472531055,"pep":-15.809842738105583,"ppc":0.002560999413759307,"v_acontb":4.2811274263182995,"dg_glns":-2.8531003420412038,"pyr":-9.400740372713422,"v_etoht":8.56225484407921,"v_gludy":4.281127426318401,"nh4":-12.684573644469515,"gapd":0.0027554373337513533,"dg_fort":-4.266624749307262,"v_pyk":12.843382266278274,"v_lact":3.219246290761227e-9,"pts":0.0013534621500569928,"dg_fba":-4.012099946403475,"v_burn":17.124509678919818,"pyk":0.0017263155057220115,"v_eno":17.12450969259649,"v_pts":8.562254846298243,"lact":2.332182947034826e-12,"dpg13":-18.616776869916592,"akg":-20.257287834169524,"actp":-14.143238562465676,"v_act":-7.338393680429698e-9,"v_tpi":8.562254846298243,"dg_ackr":-14.603447449414324,"oaa":-13.4622696892829,"ackr":-2.7000041057528733e-13,"nh4t":0.0013869055203772985,"gln":-18.85366751213309,"v_pdh":-1.2188237413733724e-9,"nadh":-12.321919280986815,"mu":4.281127426318401,"v_pgk":17.12450969259649,"acontb":0.0025600304220188136,"atp":-10.392208355588746,"ac":-15.801784507766477,"aconta":0.002141833258986001,"dg_pfl":-6.843178397208274,"dg_aconta":-20.61818289311279,"g3p":-10.451376181215588,"ldh":3.9484976844213604e-12,"v_icdh":4.2811274263182995,"pfl":0.008734054302289882,"pfk":0.0004336251591861293,"formate":-5.875636509024306,"acon":-5.763093585265971,"pgi":0.0012965418331411763,"gludy":0.0003123164644371202,"pg2":-15.433520017746066,"pg3":-15.46639157032726,"dg_act":-43.885758180472116,"v_acald":8.56225484407921,"v_pfk":8.562254846298243,"dg_ppc":-27.172405957719192,"v_ptar":-7.338394010286986e-9,"acald":0.0010519732861877572,"pdh":-1.6580917861278065e-13,"dg_ptar":-10.85473410163706,"pgm":0.0008366601055524729,"f6p":-12.42105279804665}