{"dg_pgm":-2.768512366536121,"cs":0.0018131838517457806,"dg_acontb":-20.802866107456666,"etoh":-10.675666047661155,"v_fba":8.562257122690133,"v_fort":12.843385684160893,"dg_etoht":-3.7835746154898926,"icdh":0.004946790923344205,"v_gapd":17.124514245380265,"dg_pgk":-4.282259807897741,"dg_lact":0.3014589992161225,"v_nh4t":8.562257122043047,"v_cs":4.281128561021524,"accoa":-3.417470197228862,"pgk":0.0020409743260706346,"dhap":-6.78256026761647,"eno":0.003509758868112009,"nad":-10.8950095103693,"alcd":0.005631826304020494,"fdp":-5.328942825294372,"icit":-15.127309217953426,"dg_eno":-5.232891907835773,"dg_pdh":-31.599548774899006,"cit":-2.302687148825768,"glu":-20.723250813368193,"v_pgm":17.124514245380265,"v_ldh":-1.4621712581854118e-10,"v_pfl":12.843385684160893,"dg_alcd":-6.06729840449781,"dg_pyk":-5.204004416308027,"acetald":-15.049645649452385,"v_ppc":4.281128561021524,"dg_gludy":-17.687475443509495,"v_aconta":4.281128561021524,"tpi":0.0004802965908506219,"v_alcd":8.562257122935272,"dg_pts":-4.776234551780929,"adp":-12.650933353847035,"dg_tpi":-2.9948773928726045,"dg_gapd":-4.80740817558489,"dg_icdh":-21.942515494127104,"act":7.729915510251331e-14,"dg_nh4t":-20.108240518078638,"fort":0.002022737754122511,"v_ackr":5.48162730417788e-10,"glns":5.147456662835205e-13,"v_glns":4.281128561021523,"etoht":0.0015306997030120914,"dg_pfk":-2.826920905822495,"g6p":-10.161695575890956,"v_pgi":8.562257122690133,"fba":0.0008735847439760866,"lac":-3.1132022623644335,"dg_acald":-3.1460473875157855,"dg_pgi":-4.7008739935665185,"ptar":2.3005668905015993e-14,"dg_cs":-26.18777922451274,"dg_ldh":-3.5736483864552806,"pep":-15.809842333958926,"ppc":0.0025609999415052674,"v_acontb":4.281128561021523,"dg_glns":-4.4944039573993315,"pyr":-9.400740120321064,"v_etoht":8.562257122935272,"v_gludy":4.281128561021523,"nh4":-12.716706558607575,"gapd":0.0027554380942957477,"dg_fort":-4.266624872499789,"v_pyk":12.84338568435874,"v_lact":-1.4621655208339724e-10,"pts":0.0013534625244877013,"dg_fba":-4.012099819454681,"v_burn":17.124514246575515,"pyk":0.001726315926266523,"v_eno":17.124514245380265,"v_pts":8.562257122690133,"lact":4.3620839066208545e-13,"dpg13":-18.616776614980388,"akg":-20.125023815110097,"actp":-15.350625549504624,"v_act":5.481629148740861e-10,"v_tpi":8.562257122690133,"dg_ackr":-11.187857859778868,"oaa":-13.598605583283751,"ackr":2.050675998709685e-14,"nh4t":0.0013869050587154998,"gln":-19.547993347206756,"v_pdh":3.4406450798583385e-10,"nadh":-12.504447422803397,"mu":4.281128561021523,"v_pgk":17.124514245380265,"acontb":0.00256003254270747,"atp":-10.348348260852989,"ac":-15.63134437137515,"aconta":0.0021418288306658765,"dg_pfl":-6.8431785378366525,"dg_aconta":-21.12896385831345,"g3p":-10.451375980780115,"ldh":-1.1896488293736502e-13,"v_icdh":4.281128561021523,"pfl":0.008734056598836568,"pfk":0.000433625285309336,"formate":-5.875636459329223,"acon":-5.9691173797477335,"pgi":0.0012965421922465613,"gludy":0.0003123061450058992,"pg2":-15.433519669858661,"pg3":-15.466391263082675,"dg_act":-43.48685005973867,"v_acald":8.562257122935272,"v_pfk":8.562257122690133,"dg_ppc":-27.510379301924175,"v_ptar":5.481627364664758e-10,"acald":0.001051973544295759,"pdh":4.681222067144841e-14,"dg_ptar":-13.84780837926747,"pgm":0.0008366603488386636,"f6p":-12.421052533374494}