{"dg_pgm":-2.768512466116301,"cs":0.0018131830699280563,"dg_acontb":-21.20395421468104,"etoh":-10.675666094441633,"v_fba":8.562254848233774,"v_fort":12.843382268746288,"dg_etoht":-3.7835744995225746,"icdh":0.0049467882569938105,"v_gapd":17.12450969646755,"dg_pgk":-4.282259936066596,"dg_lact":-1.2903605290909361,"v_nh4t":8.5622548514013,"v_cs":4.281127425700938,"accoa":-3.4174703416470953,"pgk":0.002040973757347485,"dhap":-6.782560423431605,"eno":0.003509757907246069,"nad":-10.712426630805195,"alcd":0.0056318248348038525,"fdp":-5.328943128562988,"icit":-15.082829942995145,"dg_eno":-5.2328920456823775,"dg_pdh":-31.599548514266257,"cit":-2.3027091249633527,"glu":-20.723150311523074,"v_pgm":17.12450969646755,"v_ldh":3.2215903101093166e-9,"v_pfl":12.843382268746288,"dg_alcd":-6.067298267074109,"dg_pyk":-5.204004044793786,"acetald":-15.049645751668704,"v_ppc":4.281127425700938,"dg_gludy":-17.439262767019656,"v_aconta":4.281127425700938,"tpi":0.00048029645242203615,"v_alcd":8.562254846022347,"dg_pts":-4.776234690999614,"adp":-12.694290694900948,"dg_tpi":-2.994877497635397,"dg_gapd":-4.807408309120903,"dg_icdh":-22.380361639093636,"act":-5.891798720671799e-13,"dg_nh4t":-20.028620615795038,"fort":0.0020227372414083405,"v_ackr":-4.178260644973307e-9,"glns":1.4142491986375054e-12,"v_glns":4.28112742570065,"etoht":0.001530699319962508,"dg_pfk":-2.8269210093204564,"g6p":-10.161695781917372,"v_pgi":8.562254848233774,"fba":0.0008735844989358684,"lac":-2.4710723857648444,"dg_acald":-3.146047282898577,"dg_pgi":-4.700874131128878,"ptar":-1.8332678633013755e-13,"dg_cs":-26.526159658290617,"dg_ldh":-1.9818282395072533,"pep":-15.80984273338124,"ppc":0.002560999414093625,"v_acontb":4.281127425700651,"dg_glns":-2.8496338797476843,"pyr":-9.400740369876894,"v_etoht":8.562254846022347,"v_gludy":4.28112742570065,"nh4":-12.684588396266259,"gapd":0.0027554373346937717,"dg_fort":-4.266624750795222,"v_pyk":12.843382270766611,"v_lact":3.221593021546349e-9,"pts":0.0013534621505257947,"dg_fba":-4.012099944945761,"v_burn":17.124509689121542,"pyk":0.0017263155058445277,"v_eno":17.12450969646755,"v_pts":8.562254848233774,"lact":2.331900196916119e-12,"dpg13":-18.616776866923743,"akg":-20.257168891114503,"actp":-14.155004106916849,"v_act":-4.1782605575364514e-9,"v_tpi":8.562254848233774,"dg_ackr":-14.465263621224404,"oaa":-13.462127043928483,"ackr":-1.5076452295509264e-13,"nh4t":0.001386905518369191,"gln":-18.852284891485734,"v_pdh":-1.201266557130171e-9,"nadh":-12.321864543239293,"mu":4.28112742570065,"v_pgk":17.12450969646755,"acontb":0.002560030419826013,"atp":-10.391705601906903,"ac":-15.757807574527344,"aconta":0.002141833256852562,"dg_pfl":-6.843178398908463,"dg_aconta":-20.61755856587474,"g3p":-10.451376178855895,"ldh":3.953324534503863e-12,"v_icdh":4.281127425700651,"pfl":0.008734054304929788,"pfk":0.00043362515940759827,"formate":-5.875636508424072,"acon":-5.762841712536706,"pgi":0.0012965418335960516,"gludy":0.0003123164625852857,"pg2":-15.43352001367453,"pg3":-15.466391566728534,"dg_act":-42.84630762320739,"v_acald":8.562254846022347,"v_pfk":8.562254848233774,"dg_ppc":-27.172052356136785,"v_ptar":-4.178260753944784e-9,"acald":0.0010519732861940247,"pdh":-1.634205905464795e-13,"dg_ptar":-10.88390051573658,"pgm":0.0008366601059844054,"f6p":-12.421052794892692}