{"dg_pgm":-3.153730734617148,"cs":0.0018505974282472064,"dg_acontb":-21.009959944731683,"etoh":-12.7936078933778,"v_fba":8.738851907506735,"v_fort":13.108240032179431,"dg_etoht":-4.2412993492192115,"icdh":0.005048864443147953,"v_gapd":17.477703815013477,"dg_pgk":-4.7646524254076175,"dg_lact":-0.021130848502625168,"v_nh4t":8.738927337302648,"v_cs":4.369463668651325,"accoa":-5.152418870788084,"pgk":0.001995907994395951,"dhap":-6.9724533159196405,"eno":0.0034890097537515806,"nad":-6.07148364140178,"alcd":0.00565156319975877,"fdp":-5.682341233317723,"icit":-15.135105612616977,"dg_eno":-5.7481351451458975,"dg_pdh":-32.62536656530233,"cit":-2.3806508216682105,"glu":-20.71126247704111,"v_pgm":17.477703815013474,"v_ldh":2.9932755316861465e-8,"v_pfl":13.10824003217943,"dg_alcd":-6.600570473360705,"dg_pyk":-5.718612626994313,"acetald":-16.952468933244354,"v_ppc":4.369463668651323,"dg_gludy":-17.38190402036303,"v_aconta":4.369463668651324,"tpi":0.0004537063823657787,"v_alcd":8.73885193466535,"dg_pts":-5.277705851500911,"adp":-10.431037148306906,"dg_tpi":-3.399225648272661,"dg_gapd":-5.309923419809071,"dg_icdh":-22.142325308500162,"act":-1.0644521320144685e-8,"dg_nh4t":-20.16495640837532,"fort":0.0019774070083451835,"v_ackr":-7.548688562797719e-5,"glns":1.1541132846735824e-10,"v_glns":4.369463668651324,"etoht":0.0014795932397288945,"dg_pfk":-3.2172568999336635,"g6p":-10.156396229534378,"v_pgi":8.738851907506731,"fba":0.0008491695899705156,"lac":-2.983071568888014,"dg_acald":-3.5622032036731595,"dg_pgi":-5.199738317007134,"ptar":-4.607047283233906e-9,"dg_cs":-25.18822716744409,"dg_ldh":0.02400621787212031,"pep":-16.923392953027417,"ppc":0.0026138439296789764,"v_acontb":4.369463668651324,"dg_glns":-3.0773618140441426,"pyr":-10.721880419594397,"v_etoht":8.738851934665352,"v_gludy":4.369463668651324,"nh4":-12.739585388141835,"gapd":0.0027214477047093066,"dg_fort":-4.748380632334535,"v_pyk":13.108240146362155,"v_lact":2.993646350479198e-8,"pts":0.0013360620802318859,"dg_fba":-4.481862315063792,"v_burn":17.477552898331943,"pyk":0.0017154074213654939,"v_eno":17.477703815013474,"v_pts":8.73885190750673,"lact":2.3173053854829487e-9,"dpg13":-19.172492633005263,"akg":-20.213422218459403,"actp":-12.705129183128726,"v_act":-7.548688412656074e-5,"v_tpi":8.738851907506737,"dg_ackr":-10.644945295295505,"oaa":-14.07978220058792,"ackr":-2.8264954524191045e-9,"nh4t":0.0014155221599484618,"gln":-18.987258049632995,"v_pdh":8.424997373555948e-8,"nadh":-7.680921553835927,"mu":4.369463668651324,"v_pgk":17.477703815013474,"acontb":0.002612857833329632,"atp":-8.128452055312875,"ac":-12.766840528437598,"aconta":0.0021860305437451624,"dg_pfl":-7.387240568405082,"dg_aconta":-20.747927571506573,"g3p":-10.804380544381399,"ldh":7.176503235445443e-10,"v_icdh":4.369463668651324,"pfl":0.008815784784413635,"pfk":0.00040734246003725736,"formate":-5.681299248915153,"acon":-5.893373437200207,"pgi":0.001278204911168997,"gludy":0.00031876287249645995,"pg2":-16.339224443019866,"pg3":-16.21670139585847,"dg_act":-55.6799712868895,"v_acald":8.738851934665348,"v_pfk":8.738851907506733,"dg_ppc":-25.942744276853034,"v_ptar":-7.548688727138439e-5,"acald":0.0009985381249555626,"pdh":1.1462770469435817e-11,"dg_ptar":-2.9888245329317025,"pgm":0.0007843910350338907,"f6p":-12.616991883210781}