{"dg_pgm":-2.7387231774399297,"cs":0.0018097541405651524,"dg_acontb":-21.111875205786358,"etoh":-10.507863688455142,"v_fba":8.546057066952029,"v_fort":12.819084614748904,"dg_etoht":-3.747581945004497,"icdh":0.00493743497258375,"v_gapd":17.092114133904143,"dg_pgk":-4.244076973145446,"dg_lact":-1.3292125319673491,"v_nh4t":8.546062780088869,"v_cs":4.273031390044478,"accoa":-3.28001220909333,"pgk":0.002045102734277671,"dhap":-6.76756233228647,"eno":0.0035117314759182147,"nad":-11.598470398503455,"alcd":0.005630131119152836,"fdp":-5.301230345946971,"icit":-15.124121681924596,"dg_eno":-5.191731015412647,"dg_pdh":-31.517588949239283,"cit":-2.3026442937307796,"glu":-20.723074824300717,"v_pgm":17.092114133904154,"v_ldh":1.2728234271391085e-8,"v_pfl":12.819084614748904,"dg_alcd":-6.024473113369969,"dg_pyk":-5.162917706131477,"acetald":-14.899118727806183,"v_ppc":4.273031390044449,"dg_gludy":-17.393880757697996,"v_aconta":4.273031390044446,"tpi":0.0004826729248338728,"v_alcd":8.54605611877925,"dg_pts":-4.736332455376371,"adp":-13.558444894705499,"dg_tpi":-2.96347961055504,"dg_gapd":-4.767410714062796,"dg_icdh":-22.291463833991664,"act":-6.737781734840591e-10,"dg_nh4t":-20.060352305425234,"fort":0.0020268874327694906,"v_ackr":-4.777681426297521e-6,"glns":-1.4087067478932946e-10,"v_glns":4.273031390039039,"etoht":0.0015353348248000002,"dg_pfk":-2.796703523260857,"g6p":-10.162173427909753,"v_pgi":8.546057066952066,"fba":0.0008758092215831941,"lac":-2.455399735088999,"dg_acald":-3.1136499622342426,"dg_pgi":-4.661208405057284,"ptar":-2.1176886642507275e-10,"dg_cs":-26.645883148377234,"dg_ldh":-2.2017710585195083,"pep":-15.722020485544558,"ppc":0.0025561562915255923,"v_acontb":4.273031390044427,"dg_glns":-2.4582010788821274,"pyr":-9.296344170555077,"v_etoht":8.546056118779218,"v_gludy":4.273031390044519,"nh4":-12.697388756495707,"gapd":0.0027585944452853833,"dg_fort":-4.228502608081528,"v_pyk":12.819082743870636,"v_lact":1.2728285448592786e-8,"pts":0.0013550766146195401,"dg_fba":-3.9750416025933912,"v_burn":17.09210364498063,"pyk":0.0017273485603025677,"v_eno":17.092114133904147,"v_pts":8.546057066952079,"lact":-1.7650062423787937e-10,"dpg13":-18.572978275824862,"akg":-20.262599828387966,"actp":-14.117853053178177,"v_act":-4.7776932334048965e-6,"v_tpi":8.546057066952057,"dg_ackr":0.9994544692183039,"oaa":-13.413766476688613,"ackr":6.548439541559215e-10,"nh4t":0.0013842839764613033,"gln":-18.70710828433874,"v_pdh":-1.8836179065658616e-6,"nadh":-13.2079083078215,"mu":4.2730313919554685,"v_pgk":17.092114133915125,"acontb":0.0025551907003676876,"atp":-11.255859805570593,"ac":-9.48228757958091,"aconta":0.002137784428652646,"dg_pfl":-6.799341016173081,"dg_aconta":-20.812159174646514,"g3p":-10.42371237484748,"ldh":-1.1482440358652773e-10,"v_icdh":4.273031390044417,"pfl":0.008726703508278125,"pfk":0.0004359664173484836,"formate":-5.891014730034903,"acon":-5.841277539330647,"pgi":0.001298239232044104,"gludy":0.0003117270592413559,"pg2":-15.362301859604411,"pg3":-15.407190219860706,"dg_act":-63.8222733651163,"v_acald":8.546056118779061,"v_pfk":8.546057066941245,"dg_ppc":-27.269876544065134,"v_ptar":-4.777692629746606e-6,"acald":0.0010567621303973558,"pdh":-2.562851447581828e-10,"dg_ptar":-11.132558597841324,"pgm":0.0008413108874115381,"f6p":-12.405529538764036}