{"dg_pgm":-2.530153992835397,"cs":0.0017773000103211763,"dg_acontb":-21.119629968676914,"etoh":-9.148469559925601,"v_fba":8.392359322298281,"v_fort":12.58831405657375,"dg_etoht":-3.298762536804906,"icdh":0.004848893812184205,"v_gapd":16.784718644596566,"dg_pgk":-3.972837816053639,"dg_lact":-0.8302246276593553,"v_nh4t":8.392809062636259,"v_cs":4.196404531318185,"accoa":-2.302586298658925,"pgk":0.002070365231708615,"dhap":-6.661190648396096,"eno":0.003515882288193067,"nad":-10.708206412742848,"alcd":0.005664010946689802,"fdp":-5.1055515580038335,"icit":-15.12683991832022,"dg_eno":-4.897524719693181,"dg_pdh":-30.931528978595694,"cit":-2.3052013669846474,"glu":-20.72068175294324,"v_pgm":16.78471864459656,"v_ldh":-9.295328124369938e-8,"v_pfl":12.588314056573749,"dg_alcd":-5.477332650299078,"dg_pyk":-4.8692312310152035,"acetald":-13.76043759583573,"v_ppc":4.196404531318188,"dg_gludy":-17.40474637943326,"v_aconta":4.196404531318168,"tpi":0.0004991877435750653,"v_alcd":8.392359443603766,"dg_pts":-4.4518870558058,"adp":-12.66421791165944,"dg_tpi":-2.7431070111384517,"dg_gapd":-4.482228812687247,"dg_icdh":-22.2864467821722,"act":-6.342257349058733e-8,"dg_nh4t":-20.041833053931786,"fort":0.002052340670482246,"v_ackr":-0.0004497686796917362,"glns":1.1636996704036261e-10,"v_glns":4.1964045313181275,"etoht":0.0016184297276659332,"dg_pfk":-2.5850012078345577,"g6p":-10.16590123267308,"v_pgi":8.392359322298274,"fba":0.0008900982915196335,"lac":-2.656688282762627,"dg_acald":-2.7139033550213187,"dg_pgi":-4.3785881600503025,"ptar":6.86919032020823e-8,"dg_cs":-27.400034895692837,"dg_ldh":-4.537706666651471,"pep":-15.099478748198662,"ppc":0.002510317180333367,"v_acontb":4.196404531318154,"dg_glns":-3.3395017892081813,"pyr":-8.55533116017111,"v_etoht":8.392359443603766,"v_gludy":4.196404531318134,"nh4":-12.689918209803196,"gapd":0.0027742210310899656,"dg_fort":-3.957704761428203,"v_pyk":12.58831411327836,"v_lact":-9.295356713810768e-8,"pts":0.0013632410804811654,"dg_fba":-3.712366432988356,"v_burn":16.78381913557883,"pyk":0.001729846382194125,"v_eno":16.784718644596552,"v_pts":8.392359322298274,"lact":-1.0207903414639184e-10,"dpg13":-18.262669137141984,"akg":-20.263294210287654,"actp":-8.246396106318244,"v_act":-0.0004497686703649091,"v_tpi":8.392359322298285,"dg_ackr":-26.380402742654102,"oaa":-13.112103571462146,"ackr":-1.6759019448189366e-8,"nh4t":0.0013594605074205561,"gln":-19.052755746437253,"v_pdh":1.496572653910882e-7,"nadh":-12.317644325176909,"mu":4.196404531318127,"v_pgk":16.784718644596566,"acontb":0.002509369576337397,"atp":-10.361632818665457,"ac":-14.655690936581887,"aconta":0.0020994484563204114,"dg_pfl":-6.484078852605067,"dg_aconta":-20.804803951437073,"g3p":-10.228443790376605,"ldh":-6.75788135066194e-11,"v_icdh":4.196404531318142,"pfl":0.008641741700732168,"pfk":0.00045232874317361715,"formate":-6.000252867957226,"acon":-5.840867552548758,"pgi":0.0013072166903486198,"gludy":0.0003061373647270199,"pg2":-14.858441075460828,"pg3":-14.987464921103633,"dg_act":-50.997571237764035,"v_acald":8.392359443603775,"v_pfk":8.392359322298276,"dg_ppc":-28.065325019323527,"v_ptar":-0.0004497686892674423,"acald":0.0011363050361456102,"pdh":2.036077853590207e-11,"dg_ptar":0.9995886149147313,"pgm":0.0008738690345847373,"f6p":-12.2952501340765}