{"dg_pgm":-2.633315031511418,"cs":0.0017968793908814229,"dg_acontb":-21.20271599057057,"etoh":-9.908950380068461,"v_fba":8.485266405269996,"v_fort":12.727899581249737,"dg_etoht":-3.619483146302776,"icdh":0.004902308715440774,"v_gapd":16.970532810539993,"dg_pgk":-4.107867419721339,"dg_lact":-1.2736879705731334,"v_nh4t":8.485266463921148,"v_cs":4.2426332319604665,"accoa":-2.7894113770883697,"pgk":0.002060594251330801,"dhap":-6.714107695881884,"eno":0.0035192453790842946,"nad":-10.728180663819058,"alcd":0.005623960622696348,"fdp":-5.2027048055222735,"icit":-15.082617650467439,"dg_eno":-5.044395890066606,"dg_pdh":-31.224172969433898,"cit":-2.3027030971064284,"glu":-20.721838145095028,"v_pgm":16.970532810539993,"v_ldh":4.403753255200859e-9,"v_pfl":12.727899581249737,"dg_alcd":-5.870868941527528,"dg_pyk":-5.015844238585472,"acetald":-14.362168378282538,"v_ppc":4.2426332319604665,"dg_gludy":-17.437284703207947,"v_aconta":4.242633231960467,"tpi":0.0004915062283828343,"v_alcd":8.48526639953114,"dg_pts":-4.593713847549162,"adp":-12.803515506136153,"dg_tpi":-2.8522254428409957,"dg_gapd":-4.624435769445069,"dg_icdh":-22.379309383814647,"act":-8.082193979277078e-12,"dg_nh4t":-20.028924382490278,"fort":0.002042458906218668,"v_ackr":-5.731582841532222e-8,"glns":1.3792520405508256e-12,"v_glns":4.242633231960574,"etoht":0.0015526632896704212,"dg_pfk":-2.689741699070418,"g6p":-10.163970503640202,"v_pgi":8.485266405269996,"fba":0.0008841385087271956,"lac":-2.477797989863333,"dg_acald":-2.9987509384062165,"dg_pgi":-4.519473693337733,"ptar":-2.4118444441660313e-12,"dg_cs":-27.022944602929574,"dg_ldh":-3.180063438357244,"pep":-15.409110346357409,"ppc":0.0025379716681095087,"v_acontb":4.242633231960469,"dg_glns":-2.5451220517832587,"pyr":-8.924105513387788,"v_etoht":8.48526639953114,"v_gludy":4.242633231960574,"nh4":-12.68471093381971,"gapd":0.0027705034847206756,"dg_fort":-4.092520002828148,"v_pyk":12.727899578579528,"v_lact":4.403754250876179e-9,"pts":0.0013611641089504734,"dg_fba":-3.8430044092592617,"v_burn":16.970532694573205,"pyk":0.0017312793143986398,"v_eno":16.970532810539993,"v_pts":8.485266405269996,"lact":3.2230854726192817e-12,"dpg13":-18.416969248353592,"akg":-20.256532125497706,"actp":-13.748047528720958,"v_act":-5.7315827277026813e-8,"v_tpi":8.485266405269996,"dg_ackr":-15.232341671759935,"oaa":-13.261721128066155,"ackr":-2.1363568286883004e-12,"nh4t":0.0013744350256954222,"gln":-18.728257127359793,"v_pdh":-7.073962146145667e-9,"nadh":-12.337618576253155,"mu":4.242633231960574,"v_pgk":16.970532810539993,"acontb":0.0025370116547648947,"atp":-10.500930413142108,"ac":-15.660285404675774,"aconta":0.0021225747543177336,"dg_pfl":-6.64190760204319,"dg_aconta":-20.61828546643071,"g3p":-10.325378519413531,"ldh":3.836296241535696e-12,"v_icdh":4.242633231960469,"pfl":0.008699351459110476,"pfk":0.00044465854492137957,"formate":-5.945869256759808,"acon":-5.763128911742275,"pgi":0.0013046335072718232,"gludy":0.00030950824707846826,"pg2":-15.108825777328358,"pg3":-15.196235115888577,"dg_act":-48.50721352257824,"v_acald":8.48526639953114,"v_pfk":8.485266405269996,"dg_ppc":-27.668655302756196,"v_ptar":-5.731582966147783e-8,"acald":0.0010745827869204521,"pdh":-9.623857652821088e-13,"dg_ptar":-11.432006294946603,"pgm":0.0008585702550828401,"f6p":-12.350151733392268}