{"dg_pgm":-2.5301479084930927,"cs":0.001759492930813947,"dg_acontb":-21.19828470736078,"etoh":-8.752304781570357,"v_fba":8.308719898694921,"v_fort":12.463079803969457,"dg_etoht":-2.84349081739503,"icdh":0.004800310151676307,"v_gapd":16.617439797389842,"dg_pgk":-3.9728297700747923,"dg_lact":-1.285314949350972,"v_nh4t":8.308719984566396,"v_cs":4.1543599922833305,"accoa":-2.3025850991377803,"pgk":0.0020497336821940397,"dhap":-6.661181795938119,"eno":0.0034808447125026344,"nad":-10.726119193811687,"alcd":0.005810831632863555,"fdp":-5.105534432221165,"icit":-15.082236375927078,"dg_eno":-4.897515875014797,"dg_pdh":-30.931566681818893,"cit":-2.302778564205215,"glu":-20.717217986156573,"v_pgm":16.617439797389842,"v_ldh":9.952591209811433e-9,"v_pfl":12.463079803969457,"dg_alcd":-4.892435382042134,"dg_pyk":-4.869250206028772,"acetald":-13.60021665659687,"v_ppc":4.15435999228333,"dg_gludy":-17.42776112595441,"v_aconta":4.154359992283331,"tpi":0.0004942135556168409,"v_alcd":8.308719889307023,"dg_pts":-4.451878399133029,"adp":-12.789774960903054,"dg_tpi":-2.743100678641986,"dg_gapd":-4.4822204133330885,"dg_icdh":-22.375746951514753,"act":-1.2188621794043357e-11,"dg_nh4t":-20.031502332523324,"fort":0.0020319187422510572,"v_ackr":-8.643700837859609e-8,"glns":2.4103254138918474e-12,"v_glns":4.154359992283198,"etoht":0.0017602377558037798,"dg_pfk":-2.584994962334742,"g6p":-10.165890086226442,"v_pgi":8.308719898694921,"fba":0.0008812284128666554,"lac":-2.473107740551101,"dg_acald":-2.3167237192542047,"dg_pgi":-4.378579582966513,"ptar":-3.633563658652058e-12,"dg_cs":-27.401447035973074,"dg_ldh":-4.082657021757605,"pep":-15.099454685037154,"ppc":0.002485165865220251,"v_acontb":4.15435999228332,"dg_glns":-2.543416060380498,"pyr":-8.55531475140949,"v_etoht":8.308719889307023,"v_gludy":4.154359992283198,"nh4":-12.685750862471897,"gapd":0.0027465748443175047,"dg_fort":-3.9577221147662085,"v_pyk":12.463079805106535,"v_lact":9.952593827856574e-9,"pts":0.0013496559051820807,"dg_fba":-3.7123586648389018,"v_burn":16.61743962508121,"pyk":0.0017126347205448085,"v_eno":16.617439797389842,"v_pts":8.308719898694921,"lact":7.2247415433308085e-12,"dpg13":-18.262654341949112,"akg":-20.254713788418254,"actp":-13.512646909890934,"v_act":-8.643700667001694e-8,"v_tpi":8.308719898694921,"dg_ackr":-15.727686742141518,"oaa":-13.109111120272347,"ackr":-3.2216305644701118e-12,"nh4t":0.001345838243364601,"gln":-18.7239887109887,"v_pdh":-8.823204545858425e-9,"nadh":-12.335557106245785,"mu":4.154359992283198,"v_pgk":16.617439797389842,"acontb":0.002484226026350685,"atp":-10.487189867909011,"ac":-15.624703837730749,"aconta":0.002078411998943853,"dg_pfl":-6.484099202490117,"dg_aconta":-20.62158450165286,"g3p":-10.228432383429823,"ldh":7.574915019400106e-12,"v_icdh":4.15435999228332,"pfl":0.008555764680264007,"pfk":0.00044782154773680914,"formate":-6.000245867731,"acon":-5.764535188673723,"pgi":0.0012941898520469131,"gludy":0.00030306858521341373,"pg2":-14.858420580186332,"pg3":-14.987446880214128,"dg_act":-48.5954190946516,"v_acald":8.308719889307023,"v_pfk":8.308719898694921,"dg_ppc":-28.057966479870345,"v_ptar":-8.643701022748392e-8,"acald":0.0012626748091879043,"pdh":-1.2003665376730367e-12,"dg_ptar":-12.05528250228488,"pgm":0.0008651614456600904,"f6p":-12.2952355276888}