{"dg_pgm":-2.5301479062987515,"cs":0.0017678526394936253,"dg_acontb":-21.199524958046496,"etoh":-8.922471122278838,"v_fba":8.34819631804344,"v_fort":12.522294439458062,"dg_etoht":-3.0375816767407215,"icdh":0.0048231173813121295,"v_gapd":16.69639263608688,"dg_pgk":-3.972829767123062,"dg_lact":-1.2830629210135631,"v_nh4t":8.348196389278941,"v_cs":4.17409819463991,"accoa":-2.3025851018708865,"pgk":0.002059472384846917,"dhap":-6.661181790374982,"eno":0.0034973829150408524,"nad":-10.726577251110236,"alcd":0.005740621411863861,"fdp":-5.1055344213891,"icit":-15.082394227528498,"dg_eno":-4.897515871661062,"dg_pdh":-30.931566698343623,"cit":-2.302765988775965,"glu":-20.71868184877233,"v_pgm":16.69639263608688,"v_ldh":9.018179953032042e-9,"v_pfl":12.522294439458062,"dg_alcd":-5.145990824101157,"dg_pyk":-4.8692502236169775,"acetald":-13.66810034413695,"v_ppc":4.17409819463991,"dg_gludy":-17.430337509349044,"v_aconta":4.174098194639912,"tpi":0.0004965616650723392,"v_alcd":8.348196310020388,"dg_pts":-4.451878395648795,"adp":-12.790700289605875,"dg_tpi":-2.743100676534677,"dg_gapd":-4.482220410393386,"dg_icdh":-22.376802170085323,"act":-1.0184931125726736e-11,"dg_nh4t":-20.031108290298864,"fort":0.0020415728009383896,"v_ackr":-7.22276122605548e-8,"glns":2.2192192535012712e-12,"v_glns":4.174098194639471,"etoht":0.001693749541198064,"dg_pfk":-2.584994959975277,"g6p":-10.165890077725951,"v_pgi":8.34819631804344,"fba":0.0008854153087708024,"lac":-2.4740161944635473,"dg_acald":-2.4850052134924256,"dg_pgi":-4.3785795795460825,"ptar":-3.0363491088706865e-12,"dg_cs":-27.40402411697896,"dg_ldh":-4.084909059844463,"pep":-15.099454674009316,"ppc":0.002496973392404883,"v_acontb":4.174098194639741,"dg_glns":-2.5415564615076964,"pyr":-8.555314747476626,"v_etoht":8.348196310020388,"v_gludy":4.174098194639471,"nh4":-12.685591908343953,"gapd":0.002759624381159888,"dg_fort":-3.95772212243293,"v_pyk":12.522294441447597,"v_lact":9.018182480168049e-9,"pts":0.0013560683955240538,"dg_fba":-3.712358662002264,"v_burn":16.69639249262384,"pyk":0.0017207717955308535,"v_eno":16.69639263608688,"v_pts":8.34819631804344,"lact":6.556775268423127e-12,"dpg13":-18.262654334350042,"akg":-20.255297308481747,"actp":-13.505266589458527,"v_act":-7.222761083147085e-8,"v_tpi":8.34819631804344,"dg_ackr":-15.718710995655174,"oaa":-13.108058966750946,"ackr":-2.691989213014741e-12,"nh4t":0.0013522325802519063,"gln":-18.724543469114938,"v_pdh":-7.0279252183279114e-9,"nadh":-12.336015163544335,"mu":4.174098194639471,"v_pgk":16.69639263608688,"acontb":0.0024960290730634484,"atp":-10.48811519661183,"ac":-15.613702758235414,"aconta":0.002088286941343688,"dg_pfl":-6.484099211348124,"dg_aconta":-20.620766734152337,"g3p":-10.228432377016611,"ldh":6.861984746282146e-12,"v_icdh":4.174098194639741,"pfl":0.008596414862025099,"pfk":0.00044994923935190044,"formate":-6.000245864638293,"acon":-5.764192731034299,"pgi":0.0013003388118732024,"gludy":0.00030450851314052995,"pg2":-14.85842057051137,"pg3":-14.98744687142435,"dg_act":-48.62269042061117,"v_acald":8.348196310020388,"v_pfk":8.34819631804344,"dg_ppc":-28.055358252113237,"v_ptar":-7.222761382203629e-8,"acald":0.0012037840604792146,"pdh":-9.561233158627607e-13,"dg_ptar":-12.036986916036367,"pgm":0.0008692720043267215,"f6p":-12.29523551780853}