{"dg_pgm":-2.5706643148552835,"cs":0.001788643004071799,"dg_acontb":-21.201068112935925,"etoh":-9.549022669544186,"v_fba":8.446372789565608,"v_fort":12.669559156100398,"dg_etoht":-3.542787346078235,"icdh":0.004879838206970728,"v_gapd":16.892745579131216,"dg_pgk":-4.026071152739305,"dg_lact":-1.2583363298943304,"v_nh4t":8.446372863152925,"v_cs":4.2231864315764165,"accoa":-2.4945856851205366,"pgk":0.0020704963224356153,"dhap":-6.682040502805501,"eno":0.0035241348571666805,"nad":-10.728912925990162,"alcd":0.0056201557128554465,"fdp":-5.1437848585544,"icit":-15.082042529420127,"dg_eno":-4.955526320017979,"dg_pdh":-31.047145580249833,"cit":-2.3026979184841623,"glu":-20.71983879797238,"v_pgm":16.892745579131216,"v_ldh":4.7355438856358585e-9,"v_pfl":12.669559156100398,"dg_alcd":-5.777971386236242,"dg_pyk":-4.927145142820619,"acetald":-14.0397149509008,"v_ppc":4.2231864315764165,"dg_gludy":-17.43495717641948,"v_aconta":4.223186431576418,"tpi":0.0004970869803766045,"v_alcd":8.446372780554448,"dg_pts":-4.507854359957273,"adp":-12.809685153021682,"dg_tpi":-2.7859848575862873,"dg_gapd":-4.538349436872804,"dg_icdh":-22.377841512095618,"act":-9.773737950665619e-12,"dg_nh4t":-20.029189169883015,"fort":0.0020524101364225683,"v_ackr":-6.931158331913866e-8,"glns":1.3353276092476122e-12,"v_glns":4.223186431576463,"etoht":0.0015636869127672595,"dg_pfk":-2.626138714461545,"g6p":-10.165115983522353,"v_pgi":8.446372789565608,"fba":0.0008894484871522134,"lac":-2.483990744104239,"dg_acald":-2.93026266156783,"dg_pgi":-4.434176396367606,"ptar":-2.914920513135759e-12,"dg_cs":-27.25582045204892,"dg_ldh":-3.7492511974125957,"pep":-15.221477028873737,"ppc":0.0025263383641258496,"v_acontb":4.223186431576419,"dg_glns":-2.4688243465696273,"pyr":-8.700691544639866,"v_etoht":8.446372780554448,"v_gludy":4.223186431576463,"nh4":-12.684817747370364,"gapd":0.002778166487423318,"dg_fort":-4.010867170949507,"v_pyk":12.669559147554802,"v_lact":4.735544069287894e-9,"pts":0.0013650791867458462,"dg_fba":-3.7638373952147193,"v_burn":16.892745436232342,"pyk":0.0017338337658752503,"v_eno":16.892745579131216,"v_pts":8.446372789565608,"lact":3.5043822852576484e-12,"dpg13":-18.323454345152022,"akg":-20.25536487433197,"actp":-13.593038425724801,"v_act":-6.931158194859963e-8,"v_tpi":8.446372789565608,"dg_ackr":-15.483005345447179,"oaa":-13.167775312582208,"ackr":-2.583438003875021e-12,"nh4t":0.0013681351007006001,"gln":-18.69558658462129,"v_pdh":-1.3286777038621314e-8,"nadh":-12.338350838424258,"mu":4.223186431576463,"v_pgk":16.892745579131216,"acontb":0.0025253828706296826,"atp":-10.507100060027636,"ac":-15.60639243387331,"aconta":0.0021128456093015132,"dg_pfl":-6.5465330447377585,"dg_aconta":-20.61852047493209,"g3p":-10.266590295416812,"ldh":3.758472570588251e-12,"v_icdh":4.223186431576419,"pfl":0.008682036025134825,"pfk":0.0004501420724891538,"formate":-5.978807489973972,"acon":-5.76321853405523,"pgi":0.001308741201851045,"gludy":0.0003080895875294513,"pg2":-14.9570418793511,"pg3":-15.069724118664123,"dg_act":-48.64081248205376,"v_acald":8.446372780554448,"v_pfk":8.446372789565608,"dg_ppc":-27.900903638608774,"v_ptar":-6.931158480262133e-8,"acald":0.001085856225924718,"pdh":-1.8076231976674118e-12,"dg_ptar":-11.778607169344449,"pgm":0.0008694529891898114,"f6p":-12.316888826014615}