{"dg_pgm":-2.530148340697988,"cs":0.0017824883579102128,"dg_acontb":-21.23786976534067,"etoh":-9.29710924693372,"v_fba":8.41730989782463,"v_fort":12.625964981019779,"dg_etoht":-3.4724130525777888,"icdh":0.004863046349918348,"v_gapd":16.83461979564926,"dg_pgk":-3.9728303418963336,"dg_lact":-1.2570374702660558,"v_nh4t":8.417309423408659,"v_cs":4.208654711704461,"accoa":-2.3025872792943898,"pgk":0.002076522327879086,"dhap":-6.661181987148633,"eno":0.003526337107520129,"nad":-10.712846839176056,"alcd":0.005622196469398512,"fdp":-5.105534769739865,"icit":-15.056925688720206,"dg_eno":-4.897516509093091,"dg_pdh":-30.931568082759618,"cit":-2.3030724539361866,"glu":-20.722775380951326,"v_pgm":16.83461979564926,"v_ldh":7.450026939278009e-8,"v_pfl":12.625964981019779,"dg_alcd":-5.692083606862142,"dg_pyk":-4.86925106941113,"acetald":-13.822448112397481,"v_ppc":4.208654711704461,"dg_gludy":-17.472775705913456,"v_aconta":4.208654711704461,"tpi":0.0005006725743611818,"v_alcd":8.41730987477921,"dg_pts":-4.451879028688873,"adp":-12.694332697094696,"dg_tpi":-2.743101118183733,"dg_gapd":-4.482221001897642,"dg_icdh":-22.41326059160288,"act":5.964114904378797e-11,"dg_nh4t":-20.02549510538147,"fort":0.002058474569962359,"v_ackr":4.2295179843263475e-7,"glns":2.0873435205933994e-11,"v_glns":4.208654711704329,"etoht":0.0015758233195418598,"dg_pfk":-2.5849954106934585,"g6p":-10.165889991902311,"v_pgi":8.41730989782463,"fba":0.000892745469943704,"lac":-2.484514695819865,"dg_acald":-2.867623021128966,"dg_pgi":-4.378580205132437,"ptar":1.7786463171035422e-11,"dg_cs":-27.423163831382187,"dg_ldh":-4.110930497244354,"pep":-15.099455951780232,"ppc":0.0025176453551300766,"v_acontb":4.208654711704463,"dg_glns":-3.2884393634498292,"pyr":-8.555316366435527,"v_etoht":8.41730987477921,"v_gludy":4.208654711704329,"nh4":-12.683327585238072,"gapd":0.0027824707826818026,"dg_fort":-3.95772275308349,"v_pyk":12.625965083944797,"v_lact":7.450030044967673e-8,"pts":0.001367295019241753,"dg_fba":-3.712359215692087,"v_burn":16.834620693016944,"pyk":0.0017350177600297288,"v_eno":16.83461979564926,"v_pts":8.41730989782463,"lact":5.5018921008265265e-11,"dpg13":-18.26265494789116,"akg":-20.244535865103412,"actp":-13.451894459043729,"v_act":4.2295179009953065e-7,"v_tpi":8.41730989782463,"dg_ackr":-16.264159596102026,"oaa":-13.100644592815184,"ackr":1.5765554692206944e-11,"nh4t":0.0013634267752372228,"gln":-19.02766049199475,"v_pdh":2.8429123641813268e-8,"nadh":-12.32228475161016,"mu":4.208654711704329,"v_pgk":16.83461979564926,"acontb":0.0025166925478901127,"atp":-10.391747604100651,"ac":-15.780361125165278,"aconta":0.0021055747968291793,"dg_pfl":-6.48409996511354,"dg_aconta":-20.51852651230972,"g3p":-10.228432751948683,"ldh":5.6518146775772506e-11,"v_icdh":4.208654711704463,"pfl":0.008667583333854543,"pfk":0.00045367424959512164,"formate":-6.000245610237867,"acon":-5.723256140767793,"pgi":0.0013111040589142606,"gludy":0.00030702880302722175,"pg2":-14.858421591146259,"pg3":-14.987447716825349,"dg_act":-48.20954963289456,"v_acald":8.41730987477921,"v_pfk":8.41730989782463,"dg_ppc":-28.03697508753549,"v_ptar":4.2295180658005144e-7,"acald":0.0010977113439207453,"pdh":3.867822977500945e-12,"dg_ptar":-11.904673705542557,"pgm":0.0008764684768651984,"f6p":-12.295235684342448}