{"dg_pgm":-2.530147907666596,"cs":0.0017635718510469506,"dg_acontb":-21.19876903225933,"etoh":-8.832197699852376,"v_fba":8.32798147648953,"v_fort":12.491972173905065,"dg_etoht":-2.934322437375834,"icdh":0.00481143839802656,"v_gapd":16.65596295297906,"dg_pgk":-3.9728297689616703,"dg_lact":-1.2848859663563663,"v_nh4t":8.327981555144609,"v_cs":4.163990777572349,"accoa":-2.302585100241536,"pgk":0.002054485449922841,"dhap":-6.661181793824359,"eno":0.003488914134106157,"nad":-10.726239131252953,"alcd":0.005776354568932476,"fdp":-5.105534428106724,"icit":-15.08232830643311,"dg_eno":-4.897515873747476,"dg_pdh":-30.931566688206868,"cit":-2.302773590495757,"glu":-20.717869293056356,"v_pgm":16.655962952979063,"v_ldh":9.592850954000037e-9,"v_pfl":12.491972173905065,"dg_alcd":-5.0119281480766045,"dg_pyk":-4.86925021271786,"acetald":-13.631906952820431,"v_ppc":4.163990777572349,"dg_gludy":-17.428927855741808,"v_aconta":4.163990777572351,"tpi":0.000495359259622096,"v_alcd":8.327981467649254,"dg_pts":-4.451878397811112,"adp":-12.788097085218842,"dg_tpi":-2.743100677852922,"dg_gapd":-4.482220412228127,"dg_icdh":-22.376146023136986,"act":-1.1197444682365702e-11,"dg_nh4t":-20.031323207391644,"fort":0.002036629210267072,"v_ackr":-7.940796418289389e-8,"glns":2.3358323642438643e-12,"v_glns":4.163990777572304,"etoht":0.0017278740148687795,"dg_pfk":-2.5849949614432055,"g6p":-10.165890082994846,"v_pgi":8.327981476489532,"fba":0.0008832713088775723,"lac":-2.473280789563562,"dg_acald":-2.395282952312551,"dg_pgi":-4.378579581669509,"ptar":-3.3381216530333715e-12,"dg_cs":-27.402425372287368,"dg_ldh":-4.083086008404013,"pep":-15.099454680865696,"ppc":0.0024909270662981592,"v_acontb":4.163990777572346,"dg_glns":-2.539754935002545,"pyr":-8.555314749936375,"v_etoht":8.327981467649254,"v_gludy":4.163990777572304,"nh4":-12.685678604532692,"gapd":0.00275294205466585,"dg_fort":-3.9577221177308295,"v_pyk":12.491972175406701,"v_lact":9.592853554315773e-9,"pts":0.0013527847269378622,"dg_fba":-3.7123586637695243,"v_burn":16.655962794916064,"pyk":0.0017166050125585553,"v_eno":16.655962952979063,"v_pts":8.327981476489532,"lact":6.9656415675112575e-12,"dpg13":-18.26265433907131,"akg":-20.25496670187932,"actp":-13.509586015312308,"v_act":-7.940796261279258e-8,"v_tpi":8.32798147648953,"dg_ackr":-15.729240695200735,"oaa":-13.108711491914164,"ackr":-2.9596213933323974e-12,"nh4t":0.00134895820996459,"gln":-18.723090885250002,"v_pdh":-8.087704429121338e-9,"nadh":-12.33567704368705,"mu":4.163990777572304,"v_pgk":16.655962952979063,"acontb":0.0024899850439814237,"atp":-10.485511992224797,"ac":-15.622269797935855,"aconta":0.0020832302440389073,"dg_pfl":-6.484099205913474,"dg_aconta":-20.621340399220536,"g3p":-10.22843238099776,"ldh":7.300762553086394e-12,"v_icdh":4.163990777572346,"pfl":0.008575598967735477,"pfk":0.00044885970410846914,"formate":-6.00024586653509,"acon":-5.76443174559512,"pgi":0.0012971900903703526,"gludy":0.0003037711660652027,"pg2":-14.858420576526106,"pg3":-14.987446876887304,"dg_act":-48.601453001839815,"v_acald":8.327981467649254,"v_pfk":8.32798147648953,"dg_ppc":-28.056975824229486,"v_ptar":-7.940796589213243e-8,"acald":0.0012340825225486834,"pdh":-1.1003035606202285e-12,"dg_ptar":-12.04769463930126,"pgm":0.000867167094713811,"f6p":-12.295235523934002}