{"dg_pgm":-2.5301459443572507,"cs":0.001772381594719044,"dg_acontb":-21.094332495580204,"etoh":-9.026276824792632,"v_fba":8.369585774991478,"v_fort":12.554378662309754,"dg_etoht":-3.157093983803005,"icdh":0.00483546873834227,"v_gapd":16.739171549982956,"dg_pgk":-3.972827181719458,"dg_lact":-0.6442223188768019,"v_nh4t":8.369585774451595,"v_cs":4.184792887225806,"accoa":-2.302585099029189,"pgk":0.002064749739869338,"dhap":-6.661177666374542,"eno":0.0035063444929816032,"nad":-10.706258914448716,"alcd":0.005703338690456067,"fdp":-5.1055263438536755,"icit":-15.132318724669187,"dg_eno":-4.89751305125905,"dg_pdh":-30.931576485808208,"cit":-2.3027567027221045,"glu":-20.59666717304627,"v_pgm":16.739171549982956,"v_ldh":7.291801630838383e-10,"v_pfl":12.554378662309754,"dg_alcd":-5.298928350082939,"dg_pyk":-4.8692628237577225,"acetald":-13.710212021078277,"v_ppc":4.184792887225806,"dg_gludy":-17.703068732868214,"v_aconta":4.184792887225806,"tpi":0.000497834197821099,"v_alcd":8.369585774486001,"dg_pts":-4.451875671264048,"adp":-12.662521960930558,"dg_tpi":-2.74309859968006,"dg_gapd":-4.48221768361115,"dg_icdh":-22.309687773941125,"act":4.458876313445182e-14,"dg_nh4t":-19.39925972535138,"fort":0.002046802528873627,"v_ackr":3.161748658621826e-10,"glns":1.0927033874995506e-12,"v_glns":4.184792887225798,"etoht":0.0016574658891681333,"dg_pfk":-2.5849929655645782,"g6p":-10.1658838959098,"v_pgi":8.369585774991478,"fba":0.0008876842016014773,"lac":-2.7317204314841623,"dg_acald":-2.589398727470325,"dg_pgi":-4.378576874529044,"ptar":2.3835336807961865e-13,"dg_cs":-31.255451467522324,"dg_ldh":-4.72375945649028,"pep":-15.099445640149968,"ppc":0.0025033755848299973,"v_acontb":4.184792887225793,"dg_glns":-8.430525978002617,"pyr":-8.555310796433945,"v_etoht":8.369585774486001,"v_gludy":4.184792887225798,"nh4":-12.430708214668666,"gapd":0.0027666956765367073,"dg_fort":-3.9577266176757377,"v_pyk":12.554378662757157,"v_lact":7.291794779373866e-10,"pts":0.0013595432073899329,"dg_fba":-3.7123561625692014,"v_burn":16.739171550839014,"pyk":0.001725179125540647,"v_eno":16.739171549982956,"v_pts":8.369585774991478,"lact":1.0225673027400301e-12,"dpg13":-18.262648272593037,"akg":-20.27814828494515,"actp":-8.729156265687111,"v_act":3.1617486582844565e-10,"v_tpi":8.369585774991478,"dg_ackr":-25.282364615103308,"oaa":-11.554408375663643,"ackr":1.1782304129978484e-14,"nh4t":0.0013557069143983356,"gln":-20.72321795937522,"v_pdh":-2.8177622268843604e-10,"nadh":-12.315696826882817,"mu":4.184792887225798,"v_pgk":16.739171549982956,"acontb":0.002502419039122473,"atp":-10.359936867936513,"ac":-14.695509496851512,"aconta":0.002093632442180169,"dg_pfl":-6.4841045035699,"dg_aconta":-20.84974345601526,"g3p":-10.228427415226223,"ldh":5.221690143299628e-13,"v_icdh":4.184792887225793,"pfl":0.008618438997528018,"pfk":0.0004511023330585836,"formate":-6.000244051285926,"acon":-5.856551198698344,"pgi":0.0013036708329239,"gludy":0.00030528050819555514,"pg2":-14.858412674384262,"pg3":-14.987439766731969,"dg_act":-50.89886229408132,"v_acald":8.369585774486001,"v_pfk":8.369585774991478,"dg_ppc":-24.203930276387684,"v_ptar":3.161748662535517e-10,"acald":0.001171385646935763,"pdh":-3.8338380508401345e-14,"dg_ptar":-0.19716143016254956,"pgm":0.0008714997135349041,"f6p":-12.295228244805704}